cow_id,lactation_number,event,calving_date
1,3,BRED,2018-06-04
1,4,BRED,2019-06-09
2,2,BRED,2018-06-04
4,2,BRED,2018-07-08
6,1,BRED,2017-10-20
6,2,BRED,2019-01-01
10,3,BRED,2018-12-28
26,3,BRED,2018-08-06
26,4,BRED,2019-08-11
42,4,BRED,2018-10-17
76,2,BRED,2018-08-29
80,3,BRED,2018-08-28
81,2,BRED,2018-10-19
83,2,BRED,2018-07-17
83,3,BRED,2019-09-17
85,2,BRED,2018-01-29
98,2,BRED,2018-01-06
107,3,BRED,2017-12-14
115,4,BRED,2018-09-03
154,3,BRED,2018-10-13
170,2,BRED,2018-04-16
181,3,BRED,2019-04-22
220,2,BRED,2018-01-10
220,3,BRED,2018-12-24
288,1,BRED,2017-11-01
297,3,BRED,2019-09-12
300,1,BRED,2017-09-29
300,2,BRED,2018-11-30
400,1,BRED,2017-10-13
401,1,BRED,2017-09-08
435,2,BRED,2018-11-22
570,2,BRED,2018-11-07
586,2,BRED,2018-11-22
595,2,BRED,2018-10-05
600,2,BRED,2018-11-05
609,1,BRED,2017-09-25
795,5,BRED,2017-10-14
835,3,BRED,2017-09-27
866,1,BRED,2017-10-22
1353,1,BRED,2019-03-03
2282,2,BRED,2018-04-06
2286,2,BRED,2017-12-17
2290,2,BRED,2017-12-25
2290,3,BRED,2018-12-25
2293,2,BRED,2018-03-11
2302,2,BRED,2018-06-12
2311,2,BRED,2018-06-12
2313,2,BRED,2018-02-12
2411,2,BRED,2017-12-27
2414,3,BRED,2018-10-11
2498,3,BRED,2018-06-24
2531,3,BRED,2018-05-11
2564,3,BRED,2018-03-12
2570,3,BRED,2018-09-08
2604,2,BRED,2018-06-19
2618,2,BRED,2018-09-02
2666,2,BRED,2018-07-23
2689,2,BRED,2018-08-12
2707,2,BRED,2018-07-18
2714,2,BRED,2018-07-02
2755,2,BRED,2018-09-11
3314,3,BRED,2018-11-19
3342,3,BRED,2018-07-05
3345,3,BRED,2018-05-26
3362,4,BRED,2019-05-09
3369,3,BRED,2018-06-13
3873,3,BRED,2018-01-27
3876,3,BRED,2018-02-07
3999,2,BRED,2018-01-17
4000,2,BRED,2018-02-05
4002,2,BRED,2018-01-16
4002,3,BRED,2019-02-23
4010,2,BRED,2018-06-03
4235,3,BRED,2018-02-12
4237,5,BRED,2019-07-28
4295,3,BRED,2018-08-01
4296,3,BRED,2018-04-12
4301,3,BRED,2018-05-29
4302,3,BRED,2018-09-27
4303,2,BRED,2017-11-16
4309,3,BRED,2018-11-26
4315,3,BRED,2018-08-13
4318,3,BRED,2018-05-27
4322,3,BRED,2019-06-27
4322,2,BRED,2018-06-23
4336,3,BRED,2018-07-25
4339,3,BRED,2018-08-20
4345,3,BRED,2019-02-13
4346,3,BRED,2018-09-18
4350,3,BRED,2018-10-31
4353,2,BRED,2017-12-18
4357,2,BRED,2017-11-29
4361,2,BRED,2018-01-05
4364,3,BRED,2019-01-05
4364,2,BRED,2017-09-27
4368,3,BRED,2019-04-06
4369,2,BRED,2018-03-18
4369,3,BRED,2019-04-29
4375,2,BRED,2017-12-21
4375,3,BRED,2018-12-25
4378,3,BRED,2019-06-02
4379,2,BRED,2018-04-27
4380,3,BRED,2019-09-06
4380,2,BRED,2018-07-19
4382,3,BRED,2019-06-21
4383,2,BRED,2018-07-02
4384,3,BRED,2019-06-11
4388,2,BRED,2018-06-03
4392,2,BRED,2018-06-10
4393,2,BRED,2018-06-07
4395,2,BRED,2018-06-06
4810,2,BRED,2018-02-15
4927,2,BRED,2018-06-02
4934,3,BRED,2019-05-20
4954,2,BRED,2018-03-08
4963,3,BRED,2019-05-03
4975,2,BRED,2018-04-13
4977,2,BRED,2018-03-29
4989,2,BRED,2018-04-22
4991,2,BRED,2018-04-23
5008,2,BRED,2018-04-25
5025,3,BRED,2019-02-22
5029,2,BRED,2018-04-08
5036,2,BRED,2018-05-10
5081,2,BRED,2018-04-12
5083,2,BRED,2018-08-11
5099,3,BRED,2019-06-10
5099,2,BRED,2018-06-14
5779,4,BRED,2018-08-14
5785,3,BRED,2018-01-21
5785,4,BRED,2019-03-03
5794,3,BRED,2017-11-22
5794,4,BRED,2019-01-05
5797,4,BRED,2018-09-12
5809,3,BRED,2017-11-27
5864,3,BRED,2018-01-04
6097,3,BRED,2019-06-29
6097,2,BRED,2018-04-19
6098,2,BRED,2018-01-01
6125,2,BRED,2018-01-02
6139,3,BRED,2018-11-12
6163,3,BRED,2019-05-22
6171,2,BRED,2017-12-20
6180,2,BRED,2018-04-12
6181,3,BRED,2019-02-08
6183,2,BRED,2018-01-04
6186,3,BRED,2018-10-21
6188,3,BRED,2019-03-05
6188,2,BRED,2018-02-10
6191,3,BRED,2018-11-29
6193,2,BRED,2017-11-13
6209,3,BRED,2018-12-31
6210,2,BRED,2018-01-06
6215,2,BRED,2018-03-03
6228,3,BRED,2019-02-08
6233,2,BRED,2018-03-07
6233,3,BRED,2019-06-12
6240,3,BRED,2019-05-04
6243,3,BRED,2019-03-25
6250,2,BRED,2018-03-18
6256,2,BRED,2018-02-07
6265,2,BRED,2018-04-09
6266,3,BRED,2019-03-19
6268,2,BRED,2018-01-27
6271,2,BRED,2018-01-09
6274,2,BRED,2018-02-27
6274,3,BRED,2019-03-06
6280,3,BRED,2019-05-16
6280,2,BRED,2018-04-11
6285,2,BRED,2018-07-09
6290,3,BRED,2019-02-01
6294,2,BRED,2018-04-09
6296,2,BRED,2018-01-13
6306,2,BRED,2018-07-03
6317,2,BRED,2018-06-23
6318,2,BRED,2018-06-16
6323,2,BRED,2018-02-25
6324,3,BRED,2019-03-11
6324,2,BRED,2018-02-25
6327,3,BRED,2019-06-12
6329,2,BRED,2018-07-16
6329,3,BRED,2019-08-04
6332,2,BRED,2018-03-11
6332,3,BRED,2019-05-26
6340,2,BRED,2018-06-16
6352,2,BRED,2018-06-22
6362,2,BRED,2018-04-21
6371,2,BRED,2018-05-15
6373,2,BRED,2018-03-25
6377,2,BRED,2018-05-11
6379,2,BRED,2018-10-01
6381,2,BRED,2018-06-12
6385,2,BRED,2018-04-30
6390,2,BRED,2018-11-25
6391,2,BRED,2018-06-23
6396,2,BRED,2018-09-16
6401,2,BRED,2018-05-16
6405,3,BRED,2019-03-20
6405,2,BRED,2018-03-19
6415,2,BRED,2018-08-21
6420,2,BRED,2018-06-05
6423,2,BRED,2018-06-02
6423,3,BRED,2019-05-26
6425,2,BRED,2018-06-22
6432,2,BRED,2018-06-29
6433,3,BRED,2019-08-11
6437,2,BRED,2018-07-06
6439,1,BRED,2017-08-03
6439,2,BRED,2019-01-08
6440,3,BRED,2019-08-07
6440,2,BRED,2018-07-27
6446,2,BRED,2018-08-08
6448,2,BRED,2018-09-04
6451,2,BRED,2018-08-10
6458,3,BRED,2019-08-23
6498,1,BRED,2017-12-09
6498,2,BRED,2019-01-15
6502,1,BRED,2017-11-26
6509,1,BRED,2017-12-24
6510,1,BRED,2017-11-27
6518,1,BRED,2017-12-04
6518,2,BRED,2018-12-01
6526,1,BRED,2017-11-30
6526,2,BRED,2019-02-14
6534,1,BRED,2017-11-29
6539,1,BRED,2017-12-09
6539,2,BRED,2019-02-10
6574,1,BRED,2018-01-08
6579,2,BRED,2019-01-07
6594,1,BRED,2017-12-24
6818,7,BRED,2018-09-06
7011,6,BRED,2018-04-03
7051,7,BRED,2019-01-28
7074,6,BRED,2018-04-07
7154,6,BRED,2018-05-21
7191,6,BRED,2018-06-12
7216,5,BRED,2017-12-02
7255,5,BRED,2017-12-07
7340,6,BRED,2018-10-06
7400,5,BRED,2017-12-17
7550,5,BRED,2018-05-25
7553,5,BRED,2018-08-16
7614,5,BRED,2018-02-20
7624,5,BRED,2018-03-24
7653,5,BRED,2018-07-27
7667,5,BRED,2017-12-12
7672,5,BRED,2018-07-24
7714,4,BRED,2017-09-29
7735,5,BRED,2018-04-12
7768,6,BRED,2019-02-21
7805,3,BRED,2019-03-27
7811,6,BRED,2019-08-11
7811,5,BRED,2018-08-05
7841,5,BRED,2018-10-16
7895,2,BRED,2018-03-17
7905,2,BRED,2018-03-05
7908,4,BRED,2017-09-03
7943,4,BRED,2018-06-30
7952,2,BRED,2018-02-20
7971,2,BRED,2018-06-02
7979,3,BRED,2019-02-04
8005,4,BRED,2018-06-07
8010,5,BRED,2018-08-31
8016,5,BRED,2018-09-17
8037,4,BRED,2017-10-22
8039,5,BRED,2018-10-03
8040,5,BRED,2018-11-20
8046,4,BRED,2018-05-30
8049,2,BRED,2018-04-23
8101,4,BRED,2018-07-03
8106,4,BRED,2017-12-25
8111,4,BRED,2017-11-03
8113,5,BRED,2019-03-16
8113,4,BRED,2018-02-12
8121,4,BRED,2018-03-15
8140,5,BRED,2019-02-04
8150,4,BRED,2017-11-17
8150,5,BRED,2019-01-04
8164,4,BRED,2018-04-07
8180,4,BRED,2018-10-22
8185,4,BRED,2018-04-08
8188,4,BRED,2018-03-22
8190,5,BRED,2018-11-10
8217,4,BRED,2018-10-01
8221,3,BRED,2017-09-17
8244,3,BRED,2017-09-05
8281,4,BRED,2018-04-14
8290,5,BRED,2019-01-29
8298,3,BRED,2017-11-17
8306,4,BRED,2018-09-22
8313,4,BRED,2018-06-28
8313,5,BRED,2019-08-18
8318,4,BRED,2018-05-08
8322,4,BRED,2018-02-12
8329,4,BRED,2018-08-25
8337,4,BRED,2018-06-10
8352,3,BRED,2017-10-04
8391,4,BRED,2018-06-25
8400,4,BRED,2018-07-24
8401,4,BRED,2018-10-03
8401,5,BRED,2019-09-29
8470,5,BRED,2019-06-08
8479,3,BRED,2018-01-06
8487,3,BRED,2017-12-02
8500,5,BRED,2019-06-18
8510,4,BRED,2018-07-25
8538,3,BRED,2017-11-22
8540,3,BRED,2017-10-26
8556,4,BRED,2018-11-02
8564,4,BRED,2018-10-22
8578,3,BRED,2017-10-23
8581,4,BRED,2018-11-16
8590,3,BRED,2018-03-02
8591,3,BRED,2018-02-28
8604,4,BRED,2018-10-17
8606,3,BRED,2017-10-03
8611,4,BRED,2018-07-20
8614,2,BRED,2017-08-22
8614,3,BRED,2018-12-22
8615,4,BRED,2018-08-13
8615,5,BRED,2019-09-07
8623,4,BRED,2018-12-16
8627,3,BRED,2018-01-22
8628,3,BRED,2018-01-19
8629,3,BRED,2017-10-22
8635,3,BRED,2018-05-06
8640,3,BRED,2017-10-05
8648,4,BRED,2018-10-23
8650,4,BRED,2018-10-08
8655,3,BRED,2017-12-09
8668,3,BRED,2018-05-22
8669,3,BRED,2017-12-06
8678,3,BRED,2017-11-03
8704,4,BRED,2018-11-05
8707,4,BRED,2019-06-12
8707,3,BRED,2018-05-19
8711,3,BRED,2018-07-08
8723,2,BRED,2017-09-03
8724,4,BRED,2019-04-24
8731,2,BRED,2017-09-30
8734,4,BRED,2019-02-26
8739,4,BRED,2018-12-18
8750,3,BRED,2017-12-02
8750,4,BRED,2019-01-11
8754,3,BRED,2018-03-01
8772,3,BRED,2017-11-14
8778,4,BRED,2019-03-17
8779,3,BRED,2017-11-28
8779,4,BRED,2019-01-26
8781,3,BRED,2017-12-21
8795,3,BRED,2017-12-17
8797,3,BRED,2018-02-07
8799,3,BRED,2018-02-11
8801,4,BRED,2019-03-15
8806,4,BRED,2019-08-10
8808,3,BRED,2018-02-11
8811,4,BRED,2018-12-02
8817,3,BRED,2018-03-21
8825,3,BRED,2018-03-03
8826,3,BRED,2018-01-16
8827,3,BRED,2018-06-27
8830,3,BRED,2018-01-09
8838,3,BRED,2017-12-24
8851,2,BRED,2017-10-17
8854,4,BRED,2019-03-10
8865,3,BRED,2018-05-11
8868,3,BRED,2018-04-01
8871,3,BRED,2018-03-05
8871,4,BRED,2019-03-10
8880,3,BRED,2018-03-23
8888,3,BRED,2018-02-25
8898,3,BRED,2018-04-08
8912,3,BRED,2018-02-18
8926,4,BRED,2019-04-22
8928,4,BRED,2019-09-12
8929,3,BRED,2018-01-10
8930,3,BRED,2018-02-11
8944,3,BRED,2018-05-22
8945,3,BRED,2018-01-21
8950,3,BRED,2018-02-01
8950,4,BRED,2019-01-19
8966,2,BRED,2017-07-29
8975,3,BRED,2018-05-22
8976,3,BRED,2018-04-06
8985,4,BRED,2019-01-13
8989,3,BRED,2018-08-08
8991,4,BRED,2019-03-31
8991,3,BRED,2018-04-02
8996,3,BRED,2018-08-17
9013,3,BRED,2018-06-07
9014,3,BRED,2018-05-17
9014,4,BRED,2019-06-23
9016,3,BRED,2018-06-11
9018,4,BRED,2019-05-25
9037,3,BRED,2018-06-10
9040,3,BRED,2018-08-22
9044,3,BRED,2018-03-25
9072,4,BRED,2019-06-13
9072,3,BRED,2018-06-08
9075,3,BRED,2018-05-16
9075,4,BRED,2019-08-14
9079,4,BRED,2019-09-25
9086,3,BRED,2018-09-09
9098,3,BRED,2018-09-21
9099,3,BRED,2018-07-01
9100,3,BRED,2018-07-29
9102,3,BRED,2018-08-04
9108,3,BRED,2018-07-21
9110,3,BRED,2018-08-28
9123,2,BRED,2017-07-25
9131,4,BRED,2019-06-19
9133,3,BRED,2018-08-18
9134,3,BRED,2018-09-19
9138,3,BRED,2018-06-22
9146,4,BRED,2019-07-21
9148,3,BRED,2018-08-15
9148,4,BRED,2019-08-13
9149,3,BRED,2018-10-02
9153,3,BRED,2018-12-08
9156,3,BRED,2018-07-16
9160,3,BRED,2018-07-04
9161,3,BRED,2018-07-12
9161,4,BRED,2019-07-28
9162,3,BRED,2019-01-09
9171,3,BRED,2018-10-22
9174,3,BRED,2018-07-11
9176,4,BRED,2019-09-14
9178,3,BRED,2018-06-02
9181,4,BRED,2019-08-11
9181,3,BRED,2018-06-30
9188,3,BRED,2018-10-23
9201,3,BRED,2019-04-14
9203,3,BRED,2018-11-23
9204,3,BRED,2018-09-01
9205,2,BRED,2017-12-12
9210,3,BRED,2018-10-23
9211,2,BRED,2017-10-03
9213,2,BRED,2017-08-30
9217,3,BRED,2018-07-25
9219,2,BRED,2017-10-22
9228,3,BRED,2018-07-11
9228,4,BRED,2019-08-05
9231,4,BRED,2019-06-08
9244,3,BRED,2018-07-30
9248,3,BRED,2018-09-10
9256,3,BRED,2018-12-04
9257,3,BRED,2018-11-01
9260,3,BRED,2018-10-07
9294,3,BRED,2018-11-04
9299,3,BRED,2018-08-07
9306,3,BRED,2018-09-25
9312,3,BRED,2018-08-31
9323,4,BRED,2019-07-19
9327,3,BRED,2018-10-28
9334,3,BRED,2018-11-05
9335,3,BRED,2018-09-03
9338,3,BRED,2018-09-20
9339,2,BRED,2017-10-06
9344,2,BRED,2018-02-21
9345,2,BRED,2018-05-15
9350,3,BRED,2018-09-22
9357,2,BRED,2017-11-22
9358,3,BRED,2019-03-28
9368,2,BRED,2017-10-09
9369,3,BRED,2018-11-08
9371,3,BRED,2018-11-04
9372,2,BRED,2018-01-30
9373,2,BRED,2017-11-10
9374,2,BRED,2017-10-13
9377,3,BRED,2018-11-28
9380,3,BRED,2019-06-15
9380,2,BRED,2018-05-15
9386,3,BRED,2018-12-23
9388,2,BRED,2017-12-15
9391,3,BRED,2019-02-23
9392,2,BRED,2018-01-25
9392,3,BRED,2019-03-08
9394,2,BRED,2017-11-29
9394,3,BRED,2019-01-27
9395,1,BRED,2017-11-15
9397,3,BRED,2018-11-26
9402,2,BRED,2018-06-20
9411,2,BRED,2017-12-20
9419,2,BRED,2018-01-06
9419,3,BRED,2019-03-23
9425,3,BRED,2019-07-05
9427,2,BRED,2018-05-23
9427,3,BRED,2019-05-26
9429,3,BRED,2018-11-16
9431,2,BRED,2018-05-20
9437,2,BRED,2018-01-24
9441,2,BRED,2018-02-18
9442,2,BRED,2017-12-03
9443,2,BRED,2018-07-24
9445,2,BRED,2018-02-26
9446,2,BRED,2018-08-25
9454,2,BRED,2018-01-26
9456,2,BRED,2017-11-25
9471,2,BRED,2017-11-28
9483,3,BRED,2019-01-18
9487,3,BRED,2019-05-07
9488,3,BRED,2018-11-16
9494,2,BRED,2018-02-02
9495,2,BRED,2018-01-21
9505,3,BRED,2019-05-11
9507,2,BRED,2017-12-17
9510,2,BRED,2018-03-13
9513,3,BRED,2018-12-12
9514,2,BRED,2018-02-19
9519,2,BRED,2017-12-26
9523,2,BRED,2018-04-04
9524,2,BRED,2018-01-01
9531,3,BRED,2019-02-15
9531,2,BRED,2018-02-17
9532,3,BRED,2019-04-24
9534,2,BRED,2018-06-08
9539,2,BRED,2018-01-28
9540,2,BRED,2018-06-03
9540,3,BRED,2019-05-15
9543,2,BRED,2018-05-05
9543,3,BRED,2019-04-25
9545,2,BRED,2018-05-01
9547,3,BRED,2019-05-11
9549,2,BRED,2018-06-14
9553,3,BRED,2018-12-17
9555,2,BRED,2018-05-23
9556,2,BRED,2018-01-14
9558,2,BRED,2018-05-04
9562,2,BRED,2018-02-26
9562,3,BRED,2019-05-18
9567,3,BRED,2018-12-24
9571,2,BRED,2018-01-15
9578,3,BRED,2019-01-27
9581,2,BRED,2018-01-11
9584,2,BRED,2018-02-14
9596,2,BRED,2018-03-31
9596,3,BRED,2019-06-18
9599,2,BRED,2018-02-03
9603,2,BRED,2018-08-21
9605,3,BRED,2019-04-17
9609,3,BRED,2019-02-19
9610,3,BRED,2019-04-02
9612,2,BRED,2018-03-26
9615,3,BRED,2019-03-10
9616,3,BRED,2019-05-08
9616,2,BRED,2018-04-08
9618,2,BRED,2018-04-04
9618,3,BRED,2019-04-03
9624,3,BRED,2019-04-18
9627,2,BRED,2018-03-05
9630,2,BRED,2018-04-07
9634,3,BRED,2019-04-28
9636,2,BRED,2018-08-11
9637,2,BRED,2018-03-12
9638,2,BRED,2018-07-25
9642,2,BRED,2018-04-25
9644,2,BRED,2018-02-01
9644,3,BRED,2019-03-25
9647,2,BRED,2018-08-15
9648,2,BRED,2018-04-06
9653,2,BRED,2018-03-02
9656,3,BRED,2019-04-08
9657,2,BRED,2018-04-01
9661,2,BRED,2018-02-12
9662,2,BRED,2018-06-02
9667,3,BRED,2019-08-11
9667,2,BRED,2018-08-03
9670,3,BRED,2019-04-04
9677,2,BRED,2018-06-06
9678,2,BRED,2018-04-28
9679,2,BRED,2018-05-09
9691,2,BRED,2018-08-05
9693,3,BRED,2019-04-01
9694,2,BRED,2018-04-21
9695,2,BRED,2018-05-10
9696,3,BRED,2019-02-18
9701,3,BRED,2019-05-21
9701,2,BRED,2018-05-29
9705,2,BRED,2018-04-23
9719,2,BRED,2018-10-27
9722,2,BRED,2018-11-19
9725,2,BRED,2018-07-08
9731,2,BRED,2018-09-23
9734,2,BRED,2018-05-04
9735,2,BRED,2018-05-10
9735,3,BRED,2019-06-15
9739,3,BRED,2019-06-02
9740,3,BRED,2019-05-31
9741,2,BRED,2018-08-22
9744,2,BRED,2018-04-22
9744,3,BRED,2019-07-02
9746,2,BRED,2018-11-22
9749,2,BRED,2018-06-29
9749,3,BRED,2019-06-23
9750,2,BRED,2018-06-26
9750,3,BRED,2019-07-21
9755,2,BRED,2018-04-22
9756,2,BRED,2018-09-17
9758,2,BRED,2018-04-20
9759,2,BRED,2018-11-05
9760,2,BRED,2018-10-11
9761,2,BRED,2018-08-23
9767,2,BRED,2018-04-24
9774,2,BRED,2018-05-02
9780,2,BRED,2018-05-28
9781,2,BRED,2018-05-30
9781,3,BRED,2019-07-31
9784,3,BRED,2019-07-03
9790,2,BRED,2018-06-24
9792,3,BRED,2019-05-11
9793,1,BRED,2017-11-29
9794,2,BRED,2018-06-30
9797,2,BRED,2018-10-10
9799,2,BRED,2018-05-10
9799,3,BRED,2019-07-14
9807,2,BRED,2018-06-14
9807,3,BRED,2019-07-08
9812,2,BRED,2018-07-13
9814,2,BRED,2018-06-12
9818,2,BRED,2018-10-01
9821,3,BRED,2019-04-23
9822,3,BRED,2019-07-11
9823,3,BRED,2019-05-06
9833,1,BRED,2017-06-29
9835,2,BRED,2018-05-21
9837,2,BRED,2018-08-12
9838,2,BRED,2018-07-23
9841,3,BRED,2019-07-06
9843,3,BRED,2019-05-16
9845,2,BRED,2018-08-03
9846,2,BRED,2018-06-14
9847,2,BRED,2018-08-30
9848,2,BRED,2018-06-11
9853,1,BRED,2017-11-16
9856,2,BRED,2018-08-09
9859,3,BRED,2019-07-07
9864,2,BRED,2018-08-10
9864,3,BRED,2019-08-30
9866,2,BRED,2018-08-27
9868,2,BRED,2018-09-02
9878,2,BRED,2018-09-19
9879,2,BRED,2018-08-13
9879,3,BRED,2019-09-05
9880,1,BRED,2017-11-19
9880,2,BRED,2019-01-03
9884,2,BRED,2018-07-05
9885,1,BRED,2017-10-27
9886,2,BRED,2018-11-09
9894,2,BRED,2018-10-03
9895,2,BRED,2018-09-30
9896,1,BRED,2017-12-16
9896,2,BRED,2019-01-05
9902,1,BRED,2017-11-28
9903,3,BRED,2019-07-29
9904,2,BRED,2018-08-15
9907,2,BRED,2018-07-28
9909,2,BRED,2018-09-26
9912,2,BRED,2018-09-09
9914,2,BRED,2018-11-20
9915,2,BRED,2018-08-09
9918,2,BRED,2018-08-24
9932,2,BRED,2018-08-11
9936,2,BRED,2018-08-11
9938,1,BRED,2017-10-10
9956,1,BRED,2017-09-03
9957,3,BRED,2019-07-18
9965,1,BRED,2017-11-18
9965,2,BRED,2018-12-09
9968,1,BRED,2017-11-29
9968,2,BRED,2019-01-11
9970,1,BRED,2018-01-01
9971,2,BRED,2018-09-15
9973,3,BRED,2019-08-04
9978,1,BRED,2018-01-01
9980,1,BRED,2017-11-16
9980,2,BRED,2018-12-05
9981,1,BRED,2018-02-25
9981,2,BRED,2019-02-11
9983,1,BRED,2018-02-01
9983,2,BRED,2019-04-12
9984,2,BRED,2018-11-02
9986,1,BRED,2017-10-26
9987,2,BRED,2018-10-03
9988,2,BRED,2018-10-18
9989,2,BRED,2018-09-29
9994,2,BRED,2018-09-12
9994,3,BRED,2019-09-05
9997,2,BRED,2018-09-09
10000,2,BRED,2018-09-18
10444,6,BRED,2017-12-16
10485,5,BRED,2017-12-25
10609,5,BRED,2018-05-30
10666,5,BRED,2017-11-15
10672,5,BRED,2017-12-29
10725,4,BRED,2018-06-03
10761,4,BRED,2018-03-11
10762,5,BRED,2018-03-30
10766,4,BRED,2018-11-08
10769,4,BRED,2018-09-10
10771,2,BRED,2018-04-26
10772,2,BRED,2018-05-02
10778,2,BRED,2018-03-31
10784,2,BRED,2018-01-01
10785,3,BRED,2019-08-07
10787,2,BRED,2018-07-01
10790,2,BRED,2018-07-08
10794,2,BRED,2018-05-08
10797,2,BRED,2018-06-07
10797,3,BRED,2019-07-22
10804,2,BRED,2018-10-12
10807,2,BRED,2018-12-15
10807,1,BRED,2017-09-23
11001,1,BRED,2017-11-25
11001,2,BRED,2019-02-25
11011,2,BRED,2018-10-10
11012,3,BRED,2019-09-24
11016,1,BRED,2017-09-30
11019,2,BRED,2018-09-15
11021,2,BRED,2018-10-03
11023,2,BRED,2018-10-09
11024,2,BRED,2018-11-18
11026,1,BRED,2017-10-09
11026,2,BRED,2019-01-03
11027,1,BRED,2017-11-26
11028,1,BRED,2017-09-24
11028,2,BRED,2019-01-03
11029,2,BRED,2018-12-20
11030,2,BRED,2019-07-12
11036,2,BRED,2019-04-09
11037,2,BRED,2018-11-24
11039,1,BRED,2017-12-05
11044,2,BRED,2018-11-17
11045,2,BRED,2018-10-05
11047,1,BRED,2018-01-01
11049,2,BRED,2018-09-26
11050,2,BRED,2018-09-13
11053,1,BRED,2017-12-25
11053,2,BRED,2019-01-16
11054,1,BRED,2018-01-03
11058,3,BRED,2019-08-29
11059,2,BRED,2018-12-28
11059,1,BRED,2017-09-24
11064,2,BRED,2018-11-19
11065,2,BRED,2018-09-30
11067,1,BRED,2018-01-02
11067,2,BRED,2019-03-28
11068,2,BRED,2018-09-21
11072,1,BRED,2017-11-09
11081,1,BRED,2017-11-08
11082,1,BRED,2017-11-11
11082,2,BRED,2019-03-06
11084,2,BRED,2018-11-01
11087,1,BRED,2018-01-18
11088,2,BRED,2019-05-26
11088,1,BRED,2018-04-04
11090,2,BRED,2018-11-13
11093,2,BRED,2018-10-18
11095,1,BRED,2018-01-03
11097,1,BRED,2018-01-08
11098,1,BRED,2017-12-25
11099,2,BRED,2018-11-04
11102,1,BRED,2018-03-15
11103,1,BRED,2018-01-03
11107,1,BRED,2017-11-22
11109,1,BRED,2017-11-25
11109,2,BRED,2019-01-07
11111,2,BRED,2019-02-28
11113,2,BRED,2018-11-29
11117,1,BRED,2018-02-05
11119,1,BRED,2018-01-27
11119,2,BRED,2019-04-22
11120,1,BRED,2018-01-08
11123,2,BRED,2018-11-22
11124,1,BRED,2018-01-18
11125,2,BRED,2018-12-27
11126,2,BRED,2019-02-22
11127,1,BRED,2018-03-02
11131,1,BRED,2018-01-24
11131,2,BRED,2019-02-24
11132,1,BRED,2018-04-07
11132,2,BRED,2019-04-13
11139,1,BRED,2018-01-20
11139,2,BRED,2019-04-09
11140,2,BRED,2018-12-21
11140,1,BRED,2017-12-01
11145,1,BRED,2018-06-11
11146,2,BRED,2018-11-23
11148,1,BRED,2017-12-13
11153,1,BRED,2018-02-07
11154,1,BRED,2018-01-19
11156,1,BRED,2017-12-30
11159,1,BRED,2017-12-27
11159,2,BRED,2019-01-06
11160,1,BRED,2018-01-01
11160,2,BRED,2018-11-25
11161,1,BRED,2017-12-11
11162,1,BRED,2018-01-16
11162,2,BRED,2019-01-13
11164,2,BRED,2019-02-12
11165,1,BRED,2018-02-17
11166,2,BRED,2018-12-18
11173,2,BRED,2019-03-19
11174,1,BRED,2018-01-06
11175,1,BRED,2018-01-18
11176,1,BRED,2017-12-05
11180,2,BRED,2019-01-15
11181,1,BRED,2018-01-03
11181,2,BRED,2019-04-29
11182,1,BRED,2018-07-06
11182,2,BRED,2019-08-13
11185,1,BRED,2017-12-30
11186,1,BRED,2018-03-10
11186,2,BRED,2019-04-15
11190,2,BRED,2018-12-03
11194,1,BRED,2018-01-23
11195,2,BRED,2019-04-13
11195,1,BRED,2018-02-22
11196,1,BRED,2018-02-27
11199,2,BRED,2019-01-13
11200,1,BRED,2018-01-24
11206,2,BRED,2019-01-28
11207,1,BRED,2018-01-21
11207,2,BRED,2018-12-14
11208,1,BRED,2018-01-01
11215,2,BRED,2019-01-21
11217,1,BRED,2018-06-21
11218,1,BRED,2018-03-04
11220,1,BRED,2018-01-18
11221,1,BRED,2017-12-30
11227,1,BRED,2018-02-19
11228,1,BRED,2018-03-04
11235,1,BRED,2018-03-01
11240,1,BRED,2018-01-17
11242,2,BRED,2019-01-03
11244,1,BRED,2018-03-13
11245,2,BRED,2019-05-07
11251,1,BRED,2018-06-03
11253,2,BRED,2019-07-17
11253,1,BRED,2018-06-07
11254,1,BRED,2018-01-11
11254,2,BRED,2018-12-23
11256,2,BRED,2019-03-18
11259,1,BRED,2018-02-15
11262,1,BRED,2018-09-04
11263,1,BRED,2018-03-18
11266,1,BRED,2018-03-08
11268,1,BRED,2018-03-04
11268,2,BRED,2019-02-17
11271,2,BRED,2019-03-25
11273,1,BRED,2018-03-15
11274,1,BRED,2018-05-08
11275,1,BRED,2018-04-12
11276,1,BRED,2018-03-03
11279,1,BRED,2018-02-21
11283,1,BRED,2018-02-12
11286,1,BRED,2018-01-29
11287,1,BRED,2018-03-01
11288,1,BRED,2018-04-22
11289,2,BRED,2019-03-27
11289,1,BRED,2018-05-01
11293,1,BRED,2018-06-17
11297,1,BRED,2018-05-23
11297,2,BRED,2019-04-20
11298,1,BRED,2018-05-07
11301,2,BRED,2019-02-19
11303,1,BRED,2018-02-17
11303,2,BRED,2019-01-12
11306,2,BRED,2019-02-18
11310,2,BRED,2019-06-13
11312,1,BRED,2018-05-09
11312,2,BRED,2019-04-19
11314,1,BRED,2018-05-19
11315,1,BRED,2018-06-11
11315,2,BRED,2019-05-13
11318,1,BRED,2018-02-08
11320,2,BRED,2019-02-06
11322,1,BRED,2018-02-27
11326,1,BRED,2018-02-10
11329,2,BRED,2019-02-17
11329,1,BRED,2018-03-19
11330,2,BRED,2019-06-15
11333,2,BRED,2019-02-09
11336,1,BRED,2018-02-14
11338,1,BRED,2018-02-11
11339,1,BRED,2018-05-06
11339,2,BRED,2019-03-31
11340,2,BRED,2019-05-19
11341,2,BRED,2019-05-03
11344,2,BRED,2019-04-23
11348,1,BRED,2018-03-05
11349,1,BRED,2018-05-10
11350,1,BRED,2018-03-18
11351,1,BRED,2018-05-30
11351,2,BRED,2019-08-18
11353,1,BRED,2018-04-17
11356,1,BRED,2018-03-17
11356,2,BRED,2019-03-13
11357,2,BRED,2019-05-14
11362,1,BRED,2018-04-16
11365,2,BRED,2019-06-28
11365,1,BRED,2018-05-24
11370,1,BRED,2018-06-04
11370,2,BRED,2019-07-16
11372,2,BRED,2019-02-13
11374,1,BRED,2018-07-20
11377,1,BRED,2018-03-22
11380,1,BRED,2018-05-02
11382,2,BRED,2019-02-27
11386,1,BRED,2018-06-14
11387,2,BRED,2019-02-04
11388,2,BRED,2019-01-31
11391,1,BRED,2018-03-24
11392,1,BRED,2018-04-13
11392,2,BRED,2019-04-14
11393,1,BRED,2018-05-09
11393,2,BRED,2019-04-02
11396,2,BRED,2019-08-07
11397,1,BRED,2018-04-22
11397,2,BRED,2019-05-11
11399,1,BRED,2018-03-05
11399,2,BRED,2019-03-21
11400,2,BRED,2019-04-14
11403,1,BRED,2018-06-10
11403,2,BRED,2019-05-10
11404,1,BRED,2018-05-01
11405,1,BRED,2018-06-14
11406,1,BRED,2018-04-11
11407,1,BRED,2018-03-20
11408,1,BRED,2018-06-19
11409,1,BRED,2018-10-31
11410,2,BRED,2019-09-30
11410,1,BRED,2018-08-15
11411,1,BRED,2018-05-20
11411,2,BRED,2019-07-03
11412,1,BRED,2018-04-20
11413,1,BRED,2018-06-29
11416,1,BRED,2018-06-19
11416,2,BRED,2019-07-15
11418,1,BRED,2018-04-06
11420,1,BRED,2018-04-17
11420,2,BRED,2019-05-07
11421,1,BRED,2018-05-10
11423,1,BRED,2018-04-07
11427,1,BRED,2018-04-05
11428,1,BRED,2018-04-29
11429,1,BRED,2018-06-18
11430,2,BRED,2019-08-06
11432,1,BRED,2018-04-28
11432,2,BRED,2019-05-23
11434,2,BRED,2019-04-15
11436,1,BRED,2018-03-29
11439,1,BRED,2018-06-17
11442,1,BRED,2018-06-04
11442,2,BRED,2019-06-25
11444,1,BRED,2018-04-15
11444,2,BRED,2019-05-09
11445,1,BRED,2018-04-18
11447,1,BRED,2018-04-22
11448,1,BRED,2018-06-18
11449,1,BRED,2018-08-20
11450,1,BRED,2018-05-23
11450,2,BRED,2019-05-06
11451,2,BRED,2019-07-16
11451,1,BRED,2018-06-24
11453,2,BRED,2019-07-29
11458,1,BRED,2018-05-01
11459,1,BRED,2018-06-24
11461,1,BRED,2018-04-29
11463,1,BRED,2018-07-27
11464,1,BRED,2018-06-15
11465,1,BRED,2018-04-20
11469,1,BRED,2018-06-29
11470,1,BRED,2018-05-08
11474,1,BRED,2018-07-26
11476,1,BRED,2018-08-10
11478,1,BRED,2018-04-22
11478,2,BRED,2019-03-13
11479,1,BRED,2018-06-09
11480,1,BRED,2018-07-11
11480,2,BRED,2019-08-04
11481,0,BRED,2016-05-29
11483,1,BRED,2018-07-17
11490,1,BRED,2018-04-22
11491,1,BRED,2018-07-11
11495,1,BRED,2018-04-25
11495,2,BRED,2019-03-12
11497,1,BRED,2018-04-15
11498,1,BRED,2018-05-19
11498,2,BRED,2019-05-03
11499,1,BRED,2018-05-13
11499,2,BRED,2019-07-21
11500,1,BRED,2018-08-02
11501,1,BRED,2018-06-11
11505,2,BRED,2019-06-01
11505,1,BRED,2018-05-08
11507,1,BRED,2018-05-19
11508,1,BRED,2018-04-22
11509,1,BRED,2018-09-16
11510,1,BRED,2018-04-25
11510,2,BRED,2019-03-29
11514,1,BRED,2018-08-19
11516,1,BRED,2018-08-22
11517,1,BRED,2018-10-17
11518,1,BRED,2018-05-20
11518,2,BRED,2019-04-15
11522,1,BRED,2018-06-10
11523,1,BRED,2018-05-01
11525,1,BRED,2018-05-22
11526,1,BRED,2018-05-23
11527,1,BRED,2018-05-29
11527,2,BRED,2019-08-11
11528,1,BRED,2018-05-27
11529,1,BRED,2018-06-15
11530,1,BRED,2018-05-30
11531,2,BRED,2019-05-14
11531,1,BRED,2018-05-20
11534,1,BRED,2018-06-16
11534,2,BRED,2019-07-08
11538,1,BRED,2018-05-19
11541,1,BRED,2018-06-03
11542,1,BRED,2018-07-03
11543,1,BRED,2018-12-28
11546,1,BRED,2018-07-20
11547,1,BRED,2018-06-13
11548,2,BRED,2019-09-07
11549,1,BRED,2018-09-08
11550,1,BRED,2018-06-04
11553,1,BRED,2018-06-09
11553,2,BRED,2019-05-02
11555,1,BRED,2018-07-19
11557,2,BRED,2019-07-14
11558,1,BRED,2018-06-28
11559,1,BRED,2018-07-26
11559,2,BRED,2019-08-12
11560,1,BRED,2018-06-06
11560,2,BRED,2019-07-16
11561,1,BRED,2018-06-03
11563,1,BRED,2018-05-31
11563,2,BRED,2019-05-29
11565,1,BRED,2018-06-12
11566,1,BRED,2018-08-17
11566,2,BRED,2019-07-13
11570,1,BRED,2018-06-12
11570,2,BRED,2019-05-13
11573,1,BRED,2018-05-02
11573,2,BRED,2019-07-09
11579,1,BRED,2018-08-29
11580,2,BRED,2019-05-31
11582,2,BRED,2019-07-18
11584,1,BRED,2018-09-22
11585,1,BRED,2018-08-06
11586,1,BRED,2018-07-28
11587,1,BRED,2018-07-11
11589,1,BRED,2018-08-05
11589,2,BRED,2019-09-09
11592,0,BRED,2016-07-28
11594,1,BRED,2018-12-16
11594,0,BRED,2016-07-30
11596,0,BRED,2016-08-02
11597,1,BRED,2018-08-08
11598,0,BRED,2016-08-02
11598,1,BRED,2018-11-29
11601,1,BRED,2018-08-17
11604,1,BRED,2018-07-26
11604,2,BRED,2019-06-13
11606,1,BRED,2018-08-03
11607,1,BRED,2018-07-19
11607,2,BRED,2019-06-18
11609,2,BRED,2019-07-19
11610,1,BRED,2018-10-31
11611,0,BRED,2016-08-14
11611,1,BRED,2019-03-12
11612,1,BRED,2018-10-28
11619,1,BRED,2018-08-22
11620,1,BRED,2018-07-26
11620,2,BRED,2019-07-27
11621,1,BRED,2018-07-20
11624,0,BRED,2016-08-20
11633,1,BRED,2018-08-15
11644,1,BRED,2018-08-04
11645,1,BRED,2018-09-07
11647,1,BRED,2018-09-20
11649,1,BRED,2018-08-17
11650,1,BRED,2018-08-17
11651,1,BRED,2018-08-06
11652,0,BRED,2016-09-02
11654,1,BRED,2018-08-31
11655,1,BRED,2018-10-16
11659,1,BRED,2018-11-14
11660,1,BRED,2018-09-18
11665,1,BRED,2018-08-08
11671,1,BRED,2018-08-17
11672,1,BRED,2018-08-19
11674,1,BRED,2018-08-22
11676,1,BRED,2018-08-19
11677,1,BRED,2018-08-14
11677,2,BRED,2019-08-26
11680,1,BRED,2018-11-09
11682,1,BRED,2018-09-12
11684,1,BRED,2018-10-18
11686,1,BRED,2018-08-15
11687,2,BRED,2019-10-02
11690,1,BRED,2018-11-19
11691,1,BRED,2018-08-20
11691,2,BRED,2019-09-13
11697,1,BRED,2018-09-16
11701,0,BRED,2016-10-04
11702,1,BRED,2018-09-29
11703,1,BRED,2018-11-19
11707,1,BRED,2018-10-28
11708,1,BRED,2019-01-31
11710,0,BRED,2016-10-07
11715,1,BRED,2018-09-09
11717,0,BRED,2016-10-10
11718,1,BRED,2018-09-24
11719,1,BRED,2018-11-28
11720,1,BRED,2018-11-14
11722,1,BRED,2018-09-09
11723,0,BRED,2016-10-13
11730,0,BRED,2016-10-15
11731,1,BRED,2018-11-14
11733,0,BRED,2016-10-18
11735,0,BRED,2016-10-18
11735,1,BRED,2019-01-09
11736,0,BRED,2016-10-19
11737,0,BRED,2016-10-21
11739,1,BRED,2018-11-06
11740,1,BRED,2018-10-15
11741,2,BRED,2019-10-22
11747,1,BRED,2018-11-13
11749,1,BRED,2018-11-04
11750,1,BRED,2018-09-23
11751,1,BRED,2018-10-17
11752,0,BRED,2016-10-31
11753,0,BRED,2016-11-01
11755,1,BRED,2018-11-28
11763,1,BRED,2018-11-13
11769,0,BRED,2016-11-12
11769,1,BRED,2019-03-01
11770,1,BRED,2018-10-24
11771,0,BRED,2016-11-12
11775,1,BRED,2018-11-19
11777,0,BRED,2016-11-17
11777,1,BRED,2019-01-13
11779,0,BRED,2016-11-18
11781,0,BRED,2016-11-19
11783,1,BRED,2018-11-18
11793,0,BRED,2016-11-28
11794,1,BRED,2018-11-23
11795,1,BRED,2019-02-20
11796,0,BRED,2016-11-30
11798,1,BRED,2019-01-21
11798,0,BRED,2016-12-01
11800,1,BRED,2018-11-05
11801,0,BRED,2016-12-02
11802,0,BRED,2016-12-02
11804,1,BRED,2018-10-30
11807,0,BRED,2016-12-06
11808,1,BRED,2018-12-16
11811,0,BRED,2016-12-06
11811,1,BRED,2018-12-08
11814,1,BRED,2019-02-06
11814,0,BRED,2016-12-07
11820,0,BRED,2016-12-09
11821,0,BRED,2016-12-09
11824,1,BRED,2018-11-04
11831,0,BRED,2016-12-13
11834,0,BRED,2016-12-13
11834,1,BRED,2018-12-05
11835,0,BRED,2016-12-14
11836,0,BRED,2016-12-14
11837,0,BRED,2016-12-16
11838,0,BRED,2016-12-17
11839,0,BRED,2016-12-18
11841,0,BRED,2016-12-17
11844,0,BRED,2016-12-19
11845,0,BRED,2016-12-19
11845,1,BRED,2019-03-30
11847,0,BRED,2016-12-19
11848,0,BRED,2016-12-20
11850,0,BRED,2016-12-20
11851,0,BRED,2016-12-21
11852,0,BRED,2016-12-21
11853,1,BRED,2019-01-19
11853,0,BRED,2016-12-21
11854,0,BRED,2016-12-21
11855,0,BRED,2016-12-23
11856,0,BRED,2016-12-24
11857,0,BRED,2016-12-24
11859,0,BRED,2016-12-25
11861,0,BRED,2016-12-26
11862,0,BRED,2016-12-26
11863,0,BRED,2016-12-27
11863,1,BRED,2019-01-28
11864,0,BRED,2016-12-27
11865,0,BRED,2016-12-27
11866,0,BRED,2016-12-27
11867,0,BRED,2016-12-27
11868,0,BRED,2016-12-27
11870,0,BRED,2016-12-28
11871,0,BRED,2016-12-30
11874,0,BRED,2016-12-30
11874,1,BRED,2018-12-01
11875,1,BRED,2018-12-31
11875,0,BRED,2016-12-31
11876,0,BRED,2017-01-01
11876,1,BRED,2018-12-20
11877,0,BRED,2017-01-01
11878,0,BRED,2017-01-01
11880,0,BRED,2017-01-02
11881,0,BRED,2017-01-03
11883,0,BRED,2017-01-03
11883,1,BRED,2018-12-14
11886,1,BRED,2019-01-08
11887,0,BRED,2017-01-04
11888,0,BRED,2017-01-04
11890,0,BRED,2017-01-05
11891,0,BRED,2017-01-05
11892,0,BRED,2017-01-06
11895,0,BRED,2017-01-07
11896,0,BRED,2017-01-09
11896,1,BRED,2019-07-06
11897,0,BRED,2017-01-09
11899,0,BRED,2017-01-10
11900,0,BRED,2017-01-10
11901,1,BRED,2019-01-11
11901,0,BRED,2017-01-11
11902,0,BRED,2017-01-11
11902,1,BRED,2019-02-24
11904,0,BRED,2017-01-12
11904,1,BRED,2019-05-05
11905,0,BRED,2017-01-12
11906,0,BRED,2017-01-13
11907,0,BRED,2017-01-13
11907,1,BRED,2019-01-26
11908,1,BRED,2019-01-18
11908,0,BRED,2017-01-14
11910,0,BRED,2017-01-14
11911,0,BRED,2017-01-14
11912,0,BRED,2017-01-14
11913,1,BRED,2019-01-22
11915,0,BRED,2017-01-16
11915,1,BRED,2019-01-31
11916,0,BRED,2017-01-16
11917,0,BRED,2017-01-16
11918,0,BRED,2017-01-18
11919,0,BRED,2017-01-18
11920,0,BRED,2017-01-18
11920,1,BRED,2019-02-22
11921,0,BRED,2017-01-18
11923,0,BRED,2017-01-18
11924,0,BRED,2017-01-18
11925,0,BRED,2017-01-18
11926,0,BRED,2017-01-18
11927,0,BRED,2017-01-19
11929,0,BRED,2017-01-19
11930,0,BRED,2017-01-19
11931,0,BRED,2017-01-19
11933,0,BRED,2017-01-21
11934,0,BRED,2017-01-21
11934,1,BRED,2019-04-22
11935,0,BRED,2017-01-21
11936,0,BRED,2017-01-21
11938,0,BRED,2017-01-22
11938,1,BRED,2019-01-27
11939,0,BRED,2017-01-23
11939,1,BRED,2019-02-04
11940,1,BRED,2019-02-02
11940,0,BRED,2017-01-24
11941,0,BRED,2017-01-24
11942,0,BRED,2017-01-25
11943,0,BRED,2017-01-25
11943,1,BRED,2019-05-25
11944,0,BRED,2017-01-25
11944,1,BRED,2019-01-04
11946,0,BRED,2017-01-26
11947,0,BRED,2017-01-26
11948,0,BRED,2017-01-27
11949,0,BRED,2017-01-27
11950,0,BRED,2017-01-27
11951,0,BRED,2017-01-27
11952,0,BRED,2017-01-27
11953,0,BRED,2017-01-27
11954,0,BRED,2017-01-27
11957,0,BRED,2017-01-29
11958,0,BRED,2017-01-30
11958,1,BRED,2019-01-21
11959,0,BRED,2017-01-30
11960,0,BRED,2017-02-02
11961,0,BRED,2017-02-02
11962,0,BRED,2017-02-02
11962,1,BRED,2019-01-22
11963,0,BRED,2017-02-02
11963,1,BRED,2019-01-19
11965,0,BRED,2017-02-03
11965,1,BRED,2019-02-24
11966,0,BRED,2017-02-03
11967,0,BRED,2017-02-04
11968,0,BRED,2017-02-04
11969,0,BRED,2017-02-04
11970,0,BRED,2017-02-04
11970,1,BRED,2019-01-15
11972,0,BRED,2017-02-05
11972,1,BRED,2019-02-20
11973,0,BRED,2017-02-06
11973,1,BRED,2019-01-07
11974,0,BRED,2017-02-06
11975,0,BRED,2017-02-07
11976,0,BRED,2017-02-07
11979,1,BRED,2019-03-14
11979,0,BRED,2017-02-07
11980,0,BRED,2017-02-10
11981,0,BRED,2017-02-10
11983,0,BRED,2017-02-10
11984,0,BRED,2017-02-10
11985,0,BRED,2017-02-10
11986,0,BRED,2017-02-11
11987,0,BRED,2017-02-13
11988,0,BRED,2017-02-13
11990,0,BRED,2017-02-14
11991,1,BRED,2019-03-21
11991,0,BRED,2017-02-14
11992,0,BRED,2017-02-14
11992,1,BRED,2019-01-22
11993,0,BRED,2017-02-15
11994,0,BRED,2017-02-15
11995,0,BRED,2017-02-15
11996,0,BRED,2017-02-15
11997,0,BRED,2017-02-17
11997,1,BRED,2019-02-06
11998,1,BRED,2019-02-02
11998,0,BRED,2017-02-18
12000,0,BRED,2017-02-19
12001,0,BRED,2017-02-19
12002,0,BRED,2017-02-21
12004,0,BRED,2017-02-23
12005,0,BRED,2017-02-24
12006,0,BRED,2017-02-24
12006,1,BRED,2019-02-02
12007,0,BRED,2017-02-24
12008,1,BRED,2019-01-24
12008,0,BRED,2017-02-24
12009,0,BRED,2017-02-25
12010,0,BRED,2017-02-25
12011,0,BRED,2017-02-25
12013,0,BRED,2017-02-28
12013,1,BRED,2019-02-12
12014,0,BRED,2017-02-28
12015,0,BRED,2017-02-28
12016,0,BRED,2017-02-28
12017,1,BRED,2019-02-10
12017,0,BRED,2017-03-02
12018,0,BRED,2017-03-02
12018,1,BRED,2019-03-25
12019,0,BRED,2017-03-02
12020,0,BRED,2017-03-03
12021,0,BRED,2017-03-04
12021,1,BRED,2019-02-09
12022,0,BRED,2017-03-04
12022,1,BRED,2019-04-17
12023,1,BRED,2019-03-10
12023,0,BRED,2017-03-04
12025,0,BRED,2017-03-05
12026,0,BRED,2017-03-05
12027,0,BRED,2017-03-05
12029,0,BRED,2017-03-05
12030,0,BRED,2017-03-06
12031,0,BRED,2017-03-06
12031,1,BRED,2019-06-13
12034,0,BRED,2017-03-09
12035,1,BRED,2019-02-17
12035,0,BRED,2017-03-09
12036,0,BRED,2017-03-10
12037,0,BRED,2017-03-10
12038,0,BRED,2017-03-10
12040,0,BRED,2017-03-10
12041,0,BRED,2017-03-10
12042,0,BRED,2017-03-11
12043,0,BRED,2017-03-12
12044,0,BRED,2017-03-12
12045,0,BRED,2017-03-13
12046,1,BRED,2019-05-20
12046,0,BRED,2017-03-15
12047,0,BRED,2017-03-15
12048,0,BRED,2017-03-16
12049,0,BRED,2017-03-16
12050,0,BRED,2017-03-16
12051,0,BRED,2017-03-16
12052,0,BRED,2017-03-19
12053,0,BRED,2017-03-19
12054,0,BRED,2017-03-20
12055,1,BRED,2019-02-23
12055,0,BRED,2017-03-20
12056,0,BRED,2017-03-20
12057,0,BRED,2017-03-20
12057,1,BRED,2019-03-24
12058,0,BRED,2017-03-22
12059,0,BRED,2017-03-22
12061,0,BRED,2017-03-25
12061,1,BRED,2019-03-11
12062,0,BRED,2017-03-26
12063,1,BRED,2019-02-23
12063,0,BRED,2017-03-27
12065,0,BRED,2017-03-27
12066,0,BRED,2017-03-27
12068,0,BRED,2017-03-28
12069,0,BRED,2017-03-29
12070,0,BRED,2017-04-01
12070,1,BRED,2019-03-07
12071,0,BRED,2017-04-02
12072,0,BRED,2017-04-03
12073,0,BRED,2017-04-03
12074,0,BRED,2017-04-03
12074,1,BRED,2019-03-19
12076,0,BRED,2017-04-05
12077,0,BRED,2017-04-05
12078,0,BRED,2017-04-05
12078,1,BRED,2019-04-07
12079,0,BRED,2017-04-05
12080,0,BRED,2017-04-05
12081,0,BRED,2017-04-07
12082,0,BRED,2017-04-07
12084,0,BRED,2017-04-07
12086,1,BRED,2019-07-10
12086,0,BRED,2017-04-08
12087,0,BRED,2017-04-08
12088,0,BRED,2017-04-09
12090,0,BRED,2017-04-09
12090,1,BRED,2019-02-22
12091,0,BRED,2017-04-10
12091,1,BRED,2019-04-18
12092,0,BRED,2017-04-10
12093,0,BRED,2017-04-10
12095,1,BRED,2019-04-18
12095,0,BRED,2017-04-12
12096,0,BRED,2017-04-12
12098,0,BRED,2017-04-12
12100,0,BRED,2017-04-14
12100,1,BRED,2019-03-20
12101,0,BRED,2017-04-14
12102,0,BRED,2017-04-14
12102,1,BRED,2019-03-12
12103,0,BRED,2017-04-15
12104,1,BRED,2019-03-28
12104,0,BRED,2017-04-15
12105,0,BRED,2017-04-15
12106,0,BRED,2017-04-16
12106,1,BRED,2019-04-09
12107,0,BRED,2017-04-16
12107,1,BRED,2019-03-06
12108,0,BRED,2017-04-16
12109,0,BRED,2017-04-18
12110,1,BRED,2019-03-24
12110,0,BRED,2017-04-18
12111,1,BRED,2019-04-02
12111,0,BRED,2017-04-18
12112,0,BRED,2017-04-19
12113,0,BRED,2017-04-19
12113,1,BRED,2019-03-22
12114,0,BRED,2017-04-20
12115,0,BRED,2017-04-21
12116,0,BRED,2017-04-22
12117,0,BRED,2017-04-22
12119,0,BRED,2017-04-23
12120,0,BRED,2017-04-23
12121,0,BRED,2017-04-24
12122,0,BRED,2017-04-24
12122,1,BRED,2019-04-15
12123,0,BRED,2017-04-24
12123,1,BRED,2019-04-08
12124,0,BRED,2017-04-26
12125,0,BRED,2017-04-26
12126,0,BRED,2017-04-26
12127,0,BRED,2017-04-27
12127,1,BRED,2019-03-27
12128,0,BRED,2017-04-27
12129,0,BRED,2017-04-27
12130,0,BRED,2017-04-27
12131,0,BRED,2017-04-28
12132,0,BRED,2017-04-28
12133,0,BRED,2017-04-28
12133,1,BRED,2019-03-30
12134,0,BRED,2017-04-29
12137,0,BRED,2017-05-02
12138,0,BRED,2017-05-02
12139,0,BRED,2017-05-02
12141,0,BRED,2017-05-03
12142,0,BRED,2017-05-03
12143,0,BRED,2017-05-03
12143,1,BRED,2019-07-15
12144,0,BRED,2017-05-03
12145,0,BRED,2017-05-03
12145,1,BRED,2019-04-01
12146,0,BRED,2017-05-04
12146,1,BRED,2019-04-17
12147,1,BRED,2019-04-09
12147,0,BRED,2017-05-04
12148,0,BRED,2017-05-05
12149,0,BRED,2017-05-06
12149,1,BRED,2019-04-12
12150,0,BRED,2017-05-06
12151,0,BRED,2017-05-06
12151,1,BRED,2019-05-29
12153,0,BRED,2017-05-06
12154,0,BRED,2017-05-07
12155,0,BRED,2017-05-07
12155,1,BRED,2019-04-12
12156,1,BRED,2019-06-20
12156,0,BRED,2017-05-07
12157,0,BRED,2017-05-07
12157,1,BRED,2019-04-14
12158,0,BRED,2017-05-09
12158,1,BRED,2019-07-06
12159,0,BRED,2017-05-10
12161,0,BRED,2017-05-11
12161,1,BRED,2019-05-25
12162,0,BRED,2017-05-11
12163,0,BRED,2017-05-11
12164,0,BRED,2017-05-14
12165,0,BRED,2017-05-14
12165,1,BRED,2019-02-08
12166,0,BRED,2017-05-16
12167,0,BRED,2017-05-18
12168,0,BRED,2017-05-19
12168,1,BRED,2019-05-21
12169,0,BRED,2017-05-19
12170,0,BRED,2017-05-19
12170,1,BRED,2019-04-15
12171,0,BRED,2017-05-20
12173,0,BRED,2017-05-21
12175,0,BRED,2017-05-22
12175,1,BRED,2019-04-15
12176,0,BRED,2017-05-23
12177,0,BRED,2017-05-24
12177,1,BRED,2019-04-29
12178,0,BRED,2017-05-24
12179,0,BRED,2017-05-25
12180,1,BRED,2019-04-23
12180,0,BRED,2017-05-25
12181,0,BRED,2017-05-26
12182,0,BRED,2017-05-26
12183,0,BRED,2017-05-28
12184,0,BRED,2017-05-28
12186,0,BRED,2017-05-30
12188,0,BRED,2017-06-01
12188,1,BRED,2019-04-29
12190,0,BRED,2017-06-03
12191,0,BRED,2017-06-03
12192,0,BRED,2017-06-02
12193,0,BRED,2017-06-04
12194,0,BRED,2017-06-04
12194,1,BRED,2019-05-23
12195,0,BRED,2017-06-05
12195,1,BRED,2019-07-07
12196,0,BRED,2017-06-05
12197,0,BRED,2017-06-05
12199,0,BRED,2017-06-06
12201,0,BRED,2017-06-07
12202,1,BRED,2019-06-19
12202,0,BRED,2017-06-08
12203,0,BRED,2017-06-08
12203,1,BRED,2019-04-30
12204,0,BRED,2017-06-08
12205,0,BRED,2017-06-09
12206,0,BRED,2017-06-09
12207,0,BRED,2017-06-10
12208,0,BRED,2017-06-10
12209,0,BRED,2017-06-11
12210,0,BRED,2017-06-11
12211,0,BRED,2017-06-15
12212,0,BRED,2017-06-15
12213,0,BRED,2017-06-17
12213,1,BRED,2019-05-15
12214,0,BRED,2017-06-17
12214,1,BRED,2019-05-22
12215,0,BRED,2017-06-18
12215,1,BRED,2019-05-26
12216,0,BRED,2017-06-19
12217,0,BRED,2017-06-19
12218,0,BRED,2017-06-22
12219,0,BRED,2017-06-22
12220,0,BRED,2017-06-22
12222,0,BRED,2017-06-22
12223,0,BRED,2017-06-22
12223,1,BRED,2019-05-24
12225,0,BRED,2017-06-24
12226,0,BRED,2017-06-24
12226,1,BRED,2019-05-20
12227,0,BRED,2017-06-24
12228,0,BRED,2017-06-25
12228,1,BRED,2019-06-08
12229,0,BRED,2017-06-26
12231,0,BRED,2017-06-28
12232,0,BRED,2017-06-29
12232,1,BRED,2019-06-02
12233,0,BRED,2017-06-29
12233,1,BRED,2019-05-25
12234,0,BRED,2017-06-29
12235,0,BRED,2017-06-30
12236,0,BRED,2017-06-30
12237,0,BRED,2017-06-30
12239,0,BRED,2017-06-30
12240,0,BRED,2017-07-05
12240,1,BRED,2019-06-08
12241,0,BRED,2017-07-05
12244,0,BRED,2017-07-07
12248,0,BRED,2017-07-08
12248,1,BRED,2019-07-09
12249,0,BRED,2017-07-08
12249,1,BRED,2019-06-23
12250,0,BRED,2017-07-08
12251,1,BRED,2019-06-22
12251,0,BRED,2017-07-08
12252,0,BRED,2017-07-08
12253,0,BRED,2017-07-08
12254,0,BRED,2017-07-09
12255,0,BRED,2017-07-10
12255,1,BRED,2019-07-04
12256,0,BRED,2017-07-11
12259,0,BRED,2017-07-11
12261,0,BRED,2017-07-12
12262,0,BRED,2017-07-12
12263,0,BRED,2017-07-14
12265,0,BRED,2017-07-14
12266,0,BRED,2017-07-14
12266,1,BRED,2019-06-17
12267,0,BRED,2017-07-14
12268,0,BRED,2017-07-14
12272,0,BRED,2017-07-15
12274,0,BRED,2017-07-15
12275,0,BRED,2017-07-15
12276,1,BRED,2019-08-29
12276,0,BRED,2017-07-15
12277,0,BRED,2017-07-18
12280,0,BRED,2017-07-18
12281,0,BRED,2017-07-17
12282,0,BRED,2017-07-19
12282,1,BRED,2019-06-18
12284,0,BRED,2017-07-19
12285,0,BRED,2017-07-19
12286,0,BRED,2017-07-20
12287,0,BRED,2017-07-22
12288,0,BRED,2017-07-22
12289,0,BRED,2017-07-22
12290,0,BRED,2017-07-22
12291,0,BRED,2017-07-22
12293,0,BRED,2017-07-24
12294,0,BRED,2017-07-25
12295,0,BRED,2017-07-25
12296,0,BRED,2017-07-26
12298,0,BRED,2017-07-27
12298,1,BRED,2019-08-03
12299,0,BRED,2017-07-27
12300,0,BRED,2017-07-27
12301,0,BRED,2017-07-27
12301,1,BRED,2019-06-23
12302,0,BRED,2017-07-28
12303,0,BRED,2017-07-28
12304,0,BRED,2017-07-29
12305,0,BRED,2017-07-29
12305,1,BRED,2019-07-07
12306,1,BRED,2019-07-15
12306,0,BRED,2017-07-29
12307,0,BRED,2017-07-30
12307,1,BRED,2019-08-11
12308,0,BRED,2017-07-30
12309,0,BRED,2017-07-31
12310,0,BRED,2017-08-01
12312,0,BRED,2017-08-01
12313,0,BRED,2017-08-02
12315,0,BRED,2017-08-03
12316,0,BRED,2017-08-05
12317,0,BRED,2017-08-05
12318,0,BRED,2017-08-05
12319,0,BRED,2017-08-06
12321,1,BRED,2019-07-13
12321,0,BRED,2017-08-07
12322,0,BRED,2017-08-07
12323,0,BRED,2017-08-07
12324,0,BRED,2017-08-07
12325,0,BRED,2017-08-07
12325,1,BRED,2019-08-11
12326,0,BRED,2017-08-07
12329,0,BRED,2017-08-09
12330,0,BRED,2017-08-09
12331,0,BRED,2017-08-09
12332,0,BRED,2017-08-09
12333,0,BRED,2017-08-10
12334,0,BRED,2017-08-10
12335,0,BRED,2017-08-11
12336,0,BRED,2017-08-11
12336,1,BRED,2019-07-14
12338,0,BRED,2017-08-12
12339,0,BRED,2017-08-12
12340,0,BRED,2017-08-12
12341,0,BRED,2017-08-13
12342,0,BRED,2017-08-14
12343,0,BRED,2017-08-16
12343,1,BRED,2019-08-01
12344,0,BRED,2017-08-16
12345,0,BRED,2017-08-16
12345,1,BRED,2019-07-18
12346,0,BRED,2017-08-16
12347,0,BRED,2017-08-17
12348,0,BRED,2017-08-17
12349,0,BRED,2017-08-19
12350,0,BRED,2017-08-19
12351,0,BRED,2017-08-19
12352,0,BRED,2017-08-19
12352,1,BRED,2019-08-10
12353,0,BRED,2017-08-19
12354,0,BRED,2017-08-19
12354,1,BRED,2019-08-30
12355,0,BRED,2017-08-19
12357,0,BRED,2017-08-19
12358,0,BRED,2017-08-19
12358,1,BRED,2019-09-26
12359,0,BRED,2017-08-19
12360,0,BRED,2017-08-19
12361,0,BRED,2017-08-19
12361,1,BRED,2019-07-23
12363,0,BRED,2017-08-20
12363,1,BRED,2019-09-03
12365,0,BRED,2017-08-21
12366,0,BRED,2017-08-21
12367,1,BRED,2019-07-28
12368,0,BRED,2017-08-21
12370,0,BRED,2017-08-22
12371,0,BRED,2017-08-22
12373,0,BRED,2017-08-23
12374,0,BRED,2017-08-23
12375,0,BRED,2017-08-25
12375,1,BRED,2019-07-24
12376,0,BRED,2017-08-25
12377,0,BRED,2017-08-25
12377,1,BRED,2019-07-18
12378,0,BRED,2017-08-25
12379,0,BRED,2017-08-25
12380,0,BRED,2017-08-27
12381,0,BRED,2017-08-27
12383,0,BRED,2017-08-27
12384,0,BRED,2017-08-27
12384,1,BRED,2019-07-14
12385,0,BRED,2017-08-28
12386,0,BRED,2017-08-29
12387,0,BRED,2017-08-30
12388,0,BRED,2017-08-30
12389,1,BRED,2019-08-23
12389,0,BRED,2017-08-30
12390,0,BRED,2017-09-01
12391,0,BRED,2017-09-01
12392,0,BRED,2017-09-02
12393,0,BRED,2017-09-02
12394,0,BRED,2017-09-03
12395,0,BRED,2017-09-03
12396,0,BRED,2017-09-03
12396,1,BRED,2019-07-28
12397,0,BRED,2017-09-05
12398,0,BRED,2017-09-05
12399,0,BRED,2017-09-05
12400,0,BRED,2017-09-05
12401,0,BRED,2017-09-08
12402,0,BRED,2017-09-11
12405,0,BRED,2017-09-14
12405,1,BRED,2019-08-14
12406,0,BRED,2017-09-13
12407,0,BRED,2017-09-14
12408,0,BRED,2017-09-15
12409,0,BRED,2017-09-16
12410,0,BRED,2017-09-17
12411,0,BRED,2017-09-18
12412,0,BRED,2017-09-18
12413,0,BRED,2017-09-19
12413,1,BRED,2019-09-14
12414,0,BRED,2017-09-19
12415,0,BRED,2017-09-19
12416,0,BRED,2017-09-19
12418,0,BRED,2017-09-23
12418,1,BRED,2019-09-05
12420,0,BRED,2017-09-23
12421,0,BRED,2017-09-24
12422,0,BRED,2017-09-24
12422,1,BRED,2019-09-09
12423,0,BRED,2017-09-24
12423,1,BRED,2019-08-30
12424,0,BRED,2017-09-24
12425,0,BRED,2017-09-26
12425,1,BRED,2019-09-05
12426,0,BRED,2017-09-26
12427,0,BRED,2017-09-26
12428,0,BRED,2017-09-26
12429,0,BRED,2017-09-27
12431,0,BRED,2017-09-27
12432,0,BRED,2017-09-27
12433,0,BRED,2017-09-28
12434,0,BRED,2017-09-28
12435,0,BRED,2017-09-29
12436,0,BRED,2017-09-29
12438,0,BRED,2017-09-29
12439,0,BRED,2017-09-29
12440,0,BRED,2017-09-30
12441,0,BRED,2017-09-30
12442,0,BRED,2017-10-01
12443,0,BRED,2017-10-02
12444,0,BRED,2017-10-02
12444,1,BRED,2019-08-22
12445,0,BRED,2017-10-02
12446,0,BRED,2017-10-02
12447,0,BRED,2017-10-03
12448,0,BRED,2017-10-03
12449,0,BRED,2017-10-03
12449,1,BRED,2019-09-07
12450,0,BRED,2017-10-04
12451,0,BRED,2017-10-05
12453,0,BRED,2017-10-05
12454,0,BRED,2017-10-08
12455,0,BRED,2017-10-08
12456,0,BRED,2017-10-08
12457,0,BRED,2017-10-08
12459,0,BRED,2017-10-09
12460,0,BRED,2017-10-09
12461,0,BRED,2017-10-09
12462,1,BRED,2019-09-02
12462,0,BRED,2017-10-09
12463,0,BRED,2017-10-09
12464,0,BRED,2017-10-09
12465,0,BRED,2017-10-10
12467,0,BRED,2017-10-10
12468,0,BRED,2017-10-10
12469,0,BRED,2017-10-11
12470,0,BRED,2017-10-11
12471,0,BRED,2017-10-12
12472,0,BRED,2017-10-12
12473,1,BRED,2019-09-05
12473,0,BRED,2017-10-13
12474,0,BRED,2017-10-13
12475,0,BRED,2017-10-13
12476,0,BRED,2017-10-14
12477,0,BRED,2017-10-14
12478,0,BRED,2017-10-15
12479,0,BRED,2017-10-16
12480,0,BRED,2017-10-17
12481,0,BRED,2017-10-17
12482,0,BRED,2017-10-17
12483,0,BRED,2017-10-17
12484,0,BRED,2017-10-19
12485,0,BRED,2017-10-20
12487,0,BRED,2017-10-22
12489,0,BRED,2017-10-21
12490,0,BRED,2017-10-22
12491,0,BRED,2017-10-22
12492,0,BRED,2017-10-22
12493,0,BRED,2017-10-23
12494,0,BRED,2017-10-25
12495,0,BRED,2017-10-25
12496,0,BRED,2017-10-25
12497,0,BRED,2017-10-25
12498,0,BRED,2017-10-25
12499,0,BRED,2017-10-25
12500,0,BRED,2017-10-26
12500,1,BRED,2019-09-19
12501,0,BRED,2017-10-26
12502,1,BRED,2019-09-15
12502,0,BRED,2017-10-27
12503,0,BRED,2017-10-29
12504,0,BRED,2017-10-29
12505,0,BRED,2017-10-30
12506,0,BRED,2017-10-30
12507,0,BRED,2017-10-31
12508,0,BRED,2017-10-31
12509,0,BRED,2017-11-03
12510,0,BRED,2017-11-03
12511,0,BRED,2017-11-03
12512,0,BRED,2017-11-05
12513,0,BRED,2017-11-05
12514,0,BRED,2017-11-05
12515,0,BRED,2017-11-06
12516,0,BRED,2017-11-06
12517,0,BRED,2017-11-08
12518,0,BRED,2017-11-09
12519,0,BRED,2017-11-09
12520,0,BRED,2017-11-09
12521,0,BRED,2017-11-09
12522,0,BRED,2017-11-09
12523,0,BRED,2017-11-10
12525,0,BRED,2017-11-11
12526,0,BRED,2017-11-11
12527,0,BRED,2017-11-13
12528,0,BRED,2017-11-12
12529,0,BRED,2017-11-14
12530,0,BRED,2017-11-15
12531,0,BRED,2017-11-15
12532,0,BRED,2017-11-15
12533,0,BRED,2017-11-16
12534,0,BRED,2017-11-18
12536,0,BRED,2017-11-18
12537,0,BRED,2017-11-19
12538,0,BRED,2017-11-19
12539,0,BRED,2017-11-19
12540,0,BRED,2017-11-19
12542,0,BRED,2017-11-22
12543,0,BRED,2017-11-22
12544,0,BRED,2017-11-22
12545,0,BRED,2017-11-22
12546,0,BRED,2017-11-22
12547,0,BRED,2017-11-25
12548,0,BRED,2017-11-25
12549,0,BRED,2017-11-25
12550,0,BRED,2017-11-25
12551,0,BRED,2017-11-25
12552,0,BRED,2017-11-25
12553,0,BRED,2017-11-25
12554,0,BRED,2017-11-25
12555,0,BRED,2017-11-26
12556,0,BRED,2017-11-26
12557,0,BRED,2017-11-26
12558,0,BRED,2017-11-27
12559,0,BRED,2017-11-27
12560,0,BRED,2017-11-27
12561,0,BRED,2017-11-27
12562,0,BRED,2017-11-27
12564,0,BRED,2017-11-28
12565,0,BRED,2017-11-28
12566,0,BRED,2017-11-28
12567,0,BRED,2017-11-28
12570,0,BRED,2017-11-29
12571,0,BRED,2017-11-29
12572,0,BRED,2017-11-29
12573,0,BRED,2017-11-29
12574,0,BRED,2017-11-30
12575,0,BRED,2017-12-01
12576,0,BRED,2017-12-01
12578,0,BRED,2017-12-01
12579,0,BRED,2017-12-01
12581,0,BRED,2017-12-03
12582,0,BRED,2017-12-03
12583,0,BRED,2017-12-03
12584,0,BRED,2017-12-03
12585,0,BRED,2017-12-04
12586,0,BRED,2017-12-04
12587,0,BRED,2017-12-04
12588,0,BRED,2017-12-05
12589,0,BRED,2017-12-05
12590,0,BRED,2017-12-06
12591,0,BRED,2017-12-07
12592,0,BRED,2017-12-07
12594,0,BRED,2017-12-07
12596,0,BRED,2017-12-07
12597,0,BRED,2017-12-09
12598,0,BRED,2017-12-09
12600,0,BRED,2017-12-09
12601,0,BRED,2017-12-09
12603,0,BRED,2017-12-10
12604,0,BRED,2017-12-10
12605,0,BRED,2017-12-10
12606,0,BRED,2017-12-11
12607,0,BRED,2017-12-12
12609,0,BRED,2017-12-13
12610,0,BRED,2017-12-14
12611,0,BRED,2017-12-15
12612,0,BRED,2017-12-16
12613,0,BRED,2017-12-16
12615,0,BRED,2017-12-18
12616,0,BRED,2017-12-18
12618,0,BRED,2017-12-19
12619,0,BRED,2017-12-20
12621,0,BRED,2017-12-20
12622,0,BRED,2017-12-20
12623,0,BRED,2017-12-21
12624,0,BRED,2017-12-21
12626,0,BRED,2017-12-22
12628,0,BRED,2017-12-24
12629,0,BRED,2017-12-24
12630,0,BRED,2017-12-24
12632,0,BRED,2017-12-24
12633,0,BRED,2017-12-25
12634,0,BRED,2017-12-25
12635,0,BRED,2017-12-25
12637,0,BRED,2017-12-25
12638,0,BRED,2017-12-26
12639,0,BRED,2017-12-26
12640,0,BRED,2017-12-26
12642,0,BRED,2017-12-27
12643,0,BRED,2017-12-26
12644,0,BRED,2017-12-26
12645,0,BRED,2017-12-27
12646,0,BRED,2017-12-27
12647,0,BRED,2017-12-27
12648,0,BRED,2017-12-27
12650,0,BRED,2017-12-29
12651,0,BRED,2017-12-30
12653,0,BRED,2017-12-30
12654,0,BRED,2017-12-30
12656,0,BRED,2018-01-01
12659,0,BRED,2018-01-01
12660,0,BRED,2018-01-01
12662,0,BRED,2018-01-01
12663,0,BRED,2018-01-03
12665,0,BRED,2018-01-03
12666,0,BRED,2018-01-03
12668,0,BRED,2018-01-03
12669,0,BRED,2018-01-03
12670,0,BRED,2018-01-03
12671,0,BRED,2018-01-04
12672,0,BRED,2018-01-04
12675,0,BRED,2018-01-06
12676,0,BRED,2018-01-06
12677,0,BRED,2018-01-06
12678,0,BRED,2018-01-06
12679,0,BRED,2018-01-06
12682,0,BRED,2018-01-07
12683,0,BRED,2018-01-07
12684,0,BRED,2018-01-08
12685,0,BRED,2018-01-08
12687,0,BRED,2018-01-08
12689,0,BRED,2018-01-09
12690,0,BRED,2018-01-09
12691,0,BRED,2018-01-09
12692,0,BRED,2018-01-10
12693,0,BRED,2018-01-10
12695,0,BRED,2018-01-11
12696,0,BRED,2018-01-11
12697,0,BRED,2018-01-11
12698,0,BRED,2018-01-11
12699,0,BRED,2018-01-12
12700,0,BRED,2018-01-12
12703,0,BRED,2018-01-13
12704,0,BRED,2018-01-13
12705,0,BRED,2018-01-13
12706,0,BRED,2018-01-13
12708,0,BRED,2018-01-14
12709,0,BRED,2018-01-14
12710,0,BRED,2018-01-14
12711,0,BRED,2018-01-15
12713,0,BRED,2018-01-15
12714,0,BRED,2018-01-16
12716,0,BRED,2018-01-16
12717,0,BRED,2018-01-16
12718,0,BRED,2018-01-16
12719,0,BRED,2018-01-16
12720,0,BRED,2018-01-17
12721,0,BRED,2018-01-17
12722,0,BRED,2018-01-17
12723,0,BRED,2018-01-18
12724,0,BRED,2018-01-17
12726,0,BRED,2018-01-18
12728,0,BRED,2018-01-18
12729,0,BRED,2018-01-18
12730,0,BRED,2018-01-19
12731,0,BRED,2018-01-21
12732,0,BRED,2018-01-21
12733,0,BRED,2018-01-21
12734,0,BRED,2018-01-21
12735,0,BRED,2018-01-21
12736,0,BRED,2018-01-21
12737,0,BRED,2018-01-21
12738,0,BRED,2018-01-21
12740,0,BRED,2018-01-23
12742,0,BRED,2018-01-24
12743,0,BRED,2018-01-24
12744,0,BRED,2018-01-24
12745,0,BRED,2018-01-24
12746,0,BRED,2018-01-24
12747,0,BRED,2018-01-25
12748,0,BRED,2018-01-25
12750,0,BRED,2018-01-26
12752,0,BRED,2018-01-27
12754,0,BRED,2018-01-28
12756,0,BRED,2018-01-29
12758,0,BRED,2018-01-30
12759,0,BRED,2018-01-30
12760,0,BRED,2018-02-01
12761,0,BRED,2018-02-01
12762,0,BRED,2018-02-01
12763,0,BRED,2018-02-03
12764,0,BRED,2018-02-04
12765,0,BRED,2018-02-04
12766,0,BRED,2018-02-04
12767,0,BRED,2018-02-04
12770,0,BRED,2018-02-04
12771,0,BRED,2018-02-05
12772,0,BRED,2018-02-05
12773,0,BRED,2018-02-05
12774,0,BRED,2018-02-07
12775,0,BRED,2018-02-07
12776,0,BRED,2018-02-07
12777,0,BRED,2018-02-07
12778,0,BRED,2018-02-07
12779,0,BRED,2018-02-08
12780,0,BRED,2018-02-08
12781,0,BRED,2018-02-09
12782,0,BRED,2018-02-09
12783,0,BRED,2018-02-10
12784,0,BRED,2018-02-10
12786,0,BRED,2018-02-11
12787,0,BRED,2018-02-11
12789,0,BRED,2018-02-12
12790,0,BRED,2018-02-12
12791,0,BRED,2018-02-12
12792,0,BRED,2018-02-12
12794,0,BRED,2018-02-13
12795,0,BRED,2018-02-14
12796,0,BRED,2018-02-14
12797,0,BRED,2018-02-15
12798,0,BRED,2018-02-15
12800,0,BRED,2018-02-17
12801,0,BRED,2018-02-17
12802,0,BRED,2018-02-17
12803,0,BRED,2018-02-18
12806,0,BRED,2018-02-18
12809,0,BRED,2018-02-19
12810,0,BRED,2018-02-19
12811,0,BRED,2018-02-19
12812,0,BRED,2018-02-20
12813,0,BRED,2018-02-20
12814,0,BRED,2018-02-20
12816,0,BRED,2018-02-21
12817,0,BRED,2018-02-21
12818,0,BRED,2018-02-21
12819,0,BRED,2018-02-22
12823,0,BRED,2018-02-25
12825,0,BRED,2018-02-25
12831,0,BRED,2018-02-27
12833,0,BRED,2018-02-27
12836,0,BRED,2018-02-28
12838,0,BRED,2018-03-01
12839,0,BRED,2018-03-01
12844,0,BRED,2018-03-03
12845,0,BRED,2018-03-03
12846,0,BRED,2018-03-03
12847,0,BRED,2018-03-03
12848,0,BRED,2018-03-03
12849,0,BRED,2018-03-04
12850,0,BRED,2018-03-04
12852,0,BRED,2018-03-04
12853,0,BRED,2018-03-05
12854,0,BRED,2018-03-05
12855,0,BRED,2018-03-05
12856,0,BRED,2018-03-05
12857,0,BRED,2018-03-07
12858,0,BRED,2018-03-07
12859,0,BRED,2018-03-07
12860,0,BRED,2018-03-07
12861,0,BRED,2018-03-08
12862,0,BRED,2018-03-08
12863,0,BRED,2018-03-08
12864,0,BRED,2018-03-09
12865,0,BRED,2018-03-10
12867,0,BRED,2018-03-11
12868,0,BRED,2018-03-11
12869,0,BRED,2018-03-11
12871,0,BRED,2018-03-12
12873,0,BRED,2018-03-13
12874,0,BRED,2018-03-13
12875,0,BRED,2018-03-13
12878,0,BRED,2018-03-15
12879,0,BRED,2018-03-15
12880,0,BRED,2018-03-17
12882,0,BRED,2018-03-17
12883,0,BRED,2018-03-17
12884,0,BRED,2018-03-18
12885,0,BRED,2018-03-17
12886,0,BRED,2018-03-18
12888,0,BRED,2018-03-18
12889,0,BRED,2018-03-19
12890,0,BRED,2018-03-22
12891,0,BRED,2018-03-22
12892,0,BRED,2018-03-22
12894,0,BRED,2018-03-22
12895,0,BRED,2018-03-24
12897,0,BRED,2018-03-25
12898,0,BRED,2018-03-26
12899,0,BRED,2018-03-29
12901,0,BRED,2018-03-30
12903,0,BRED,2018-03-31
12905,0,BRED,2018-04-01
12906,0,BRED,2018-04-01
12907,0,BRED,2018-04-01
12908,0,BRED,2018-04-02
12909,0,BRED,2018-04-03
12910,0,BRED,2018-04-03
12911,0,BRED,2018-04-04
12913,0,BRED,2018-04-04
12916,0,BRED,2018-04-06
12917,0,BRED,2018-04-06
12920,0,BRED,2018-04-08
12921,0,BRED,2018-04-09
12923,0,BRED,2018-04-09
12924,0,BRED,2018-04-11
12926,0,BRED,2018-04-12
12927,0,BRED,2018-04-13
12928,0,BRED,2018-04-13
12929,0,BRED,2018-04-14
12930,0,BRED,2018-04-15
12931,0,BRED,2018-04-15
12933,0,BRED,2018-04-15
12936,0,BRED,2018-04-17
12937,0,BRED,2018-04-17
12939,0,BRED,2018-04-18
12941,0,BRED,2018-04-20
12942,0,BRED,2018-04-20
12943,0,BRED,2018-04-21
12944,0,BRED,2018-04-21
12945,0,BRED,2018-04-22
12946,0,BRED,2018-04-22
12947,0,BRED,2018-04-22
12948,0,BRED,2018-04-22
12949,0,BRED,2018-04-22
12950,0,BRED,2018-04-22
12951,0,BRED,2018-04-22
12952,0,BRED,2018-04-22
12953,0,BRED,2018-04-22
12954,0,BRED,2018-04-22
12956,0,BRED,2018-04-22
12957,0,BRED,2018-04-23
12958,0,BRED,2018-04-23
12959,0,BRED,2018-04-23
12960,0,BRED,2018-04-24
12961,0,BRED,2018-04-24
12962,0,BRED,2018-04-25
12963,0,BRED,2018-04-25
12964,0,BRED,2018-04-25
12965,0,BRED,2018-04-25
12966,0,BRED,2018-04-25
12967,0,BRED,2018-04-25
12968,0,BRED,2018-04-26
12970,0,BRED,2018-04-26
12971,0,BRED,2018-04-26
12972,0,BRED,2018-04-26
12973,0,BRED,2018-04-27
12974,0,BRED,2018-04-27
12975,0,BRED,2018-04-28
12976,0,BRED,2018-04-28
12977,0,BRED,2018-04-28
12978,0,BRED,2018-04-28
12979,0,BRED,2018-04-29
12980,0,BRED,2018-04-29
12981,0,BRED,2018-04-29
12982,0,BRED,2018-04-30
12983,0,BRED,2018-05-01
12984,0,BRED,2018-05-01
12985,0,BRED,2018-05-01
12986,0,BRED,2018-05-01
12988,0,BRED,2018-05-02
12989,0,BRED,2018-05-03
12991,0,BRED,2018-05-04
12992,0,BRED,2018-05-04
12993,0,BRED,2018-05-04
12994,0,BRED,2018-05-04
12996,0,BRED,2018-05-06
12997,0,BRED,2018-05-06
12998,0,BRED,2018-05-06
12999,0,BRED,2018-05-06
13000,0,BRED,2018-05-07
13001,0,BRED,2018-05-07
13002,0,BRED,2018-05-07
13003,0,BRED,2018-05-08
13004,0,BRED,2018-05-08
13005,0,BRED,2018-05-08
13006,0,BRED,2018-05-08
13008,0,BRED,2018-05-09
13009,0,BRED,2018-05-09
13010,0,BRED,2018-05-09
13011,0,BRED,2018-05-09
13012,0,BRED,2018-05-10
13014,0,BRED,2018-05-10
13015,0,BRED,2018-05-11
13016,0,BRED,2018-05-11
13017,0,BRED,2018-05-12
13018,0,BRED,2018-05-12
13020,0,BRED,2018-05-12
13021,0,BRED,2018-05-12
13022,0,BRED,2018-05-13
13023,0,BRED,2018-05-13
13024,0,BRED,2018-05-13
13026,0,BRED,2018-05-13
13027,0,BRED,2018-05-13
13028,0,BRED,2018-05-15
13029,0,BRED,2018-05-15
13030,0,BRED,2018-05-15
13031,0,BRED,2018-05-15
13035,0,BRED,2018-05-16
13036,0,BRED,2018-05-16
13037,0,BRED,2018-05-16
13039,0,BRED,2018-05-17
13040,0,BRED,2018-05-17
13041,0,BRED,2018-05-17
13042,0,BRED,2018-05-19
13043,0,BRED,2018-05-19
13044,0,BRED,2018-05-19
13045,0,BRED,2018-05-19
13046,0,BRED,2018-05-19
13047,0,BRED,2018-05-19
13048,0,BRED,2018-05-19
13049,0,BRED,2018-05-19
13050,0,BRED,2018-05-20
13051,0,BRED,2018-05-20
13052,0,BRED,2018-05-20
13053,0,BRED,2018-05-20
13054,0,BRED,2018-05-20
13055,0,BRED,2018-05-21
13056,0,BRED,2018-05-21
13057,0,BRED,2018-05-21
13058,0,BRED,2018-05-22
13061,0,BRED,2018-05-22
13062,0,BRED,2018-05-22
13064,0,BRED,2018-05-23
13066,0,BRED,2018-05-23
13067,0,BRED,2018-05-23
13068,0,BRED,2018-05-23
13069,0,BRED,2018-05-24
13070,0,BRED,2018-05-25
13071,0,BRED,2018-05-25
13073,0,BRED,2018-05-27
13074,0,BRED,2018-05-27
13075,0,BRED,2018-05-27
13076,0,BRED,2018-05-27
13077,0,BRED,2018-05-28
13078,0,BRED,2018-05-28
13079,0,BRED,2018-05-28
13080,0,BRED,2018-05-29
13081,0,BRED,2018-05-29
13083,0,BRED,2018-05-29
13084,0,BRED,2018-05-29
13085,0,BRED,2018-05-29
13089,0,BRED,2018-05-31
13090,0,BRED,2018-05-31
13091,0,BRED,2018-06-01
13092,0,BRED,2018-06-02
13093,0,BRED,2018-06-03
13094,0,BRED,2018-06-03
13095,0,BRED,2018-06-03
13097,0,BRED,2018-06-03
13098,0,BRED,2018-06-03
13100,0,BRED,2018-06-03
13102,0,BRED,2018-06-04
13103,0,BRED,2018-06-04
13104,0,BRED,2018-06-04
13105,0,BRED,2018-06-04
13106,0,BRED,2018-06-04
13107,0,BRED,2018-06-05
13108,0,BRED,2018-06-05
13109,0,BRED,2018-06-06
13110,0,BRED,2018-06-06
13111,0,BRED,2018-06-06
13113,0,BRED,2018-06-07
13114,0,BRED,2018-06-07
13115,0,BRED,2018-06-07
13116,0,BRED,2018-06-09
13117,0,BRED,2018-06-09
13118,0,BRED,2018-06-09
13119,0,BRED,2018-06-09
13121,0,BRED,2018-06-10
13123,0,BRED,2018-06-10
13124,0,BRED,2018-06-10
13125,0,BRED,2018-06-10
13126,0,BRED,2018-06-11
13129,0,BRED,2018-06-12
13130,0,BRED,2018-06-12
13131,0,BRED,2018-06-12
13132,0,BRED,2018-06-12
13133,0,BRED,2018-06-12
13134,0,BRED,2018-06-13
13135,0,BRED,2018-06-13
13136,0,BRED,2018-06-14
13137,0,BRED,2018-06-14
13138,0,BRED,2018-06-15
13141,0,BRED,2018-06-15
13142,0,BRED,2018-06-15
13143,0,BRED,2018-06-15
13144,0,BRED,2018-06-15
13145,0,BRED,2018-06-16
13146,0,BRED,2018-06-16
13147,0,BRED,2018-06-16
13148,0,BRED,2018-06-17
13149,0,BRED,2018-06-18
13150,0,BRED,2018-06-18
13151,0,BRED,2018-06-19
13152,0,BRED,2018-06-20
13153,0,BRED,2018-06-20
13154,0,BRED,2018-06-20
13155,0,BRED,2018-06-21
13157,0,BRED,2018-06-21
13158,0,BRED,2018-06-22
13160,0,BRED,2018-06-22
13161,0,BRED,2018-06-23
13162,0,BRED,2018-06-23
13163,0,BRED,2018-06-23
13164,0,BRED,2018-06-24
13165,0,BRED,2018-06-24
13166,0,BRED,2018-06-25
13167,0,BRED,2018-06-26
13170,0,BRED,2018-06-29
13172,0,BRED,2018-06-29
13173,0,BRED,2018-06-30
13174,0,BRED,2018-06-30
13177,0,BRED,2018-06-30
13178,0,BRED,2018-07-01
13180,0,BRED,2018-07-01
13182,0,BRED,2018-07-02
13183,0,BRED,2018-07-02
13184,0,BRED,2018-07-03
13186,0,BRED,2018-07-03
13188,0,BRED,2018-07-05
13189,0,BRED,2018-07-08
13190,0,BRED,2018-07-08
13192,0,BRED,2018-07-10
13194,0,BRED,2018-07-11
13195,0,BRED,2018-07-11
13196,0,BRED,2018-07-11
13197,0,BRED,2018-07-11
13198,0,BRED,2018-07-12
13199,0,BRED,2018-07-12
13200,0,BRED,2018-07-16
13201,0,BRED,2018-07-16
13202,0,BRED,2018-07-17
13204,0,BRED,2018-07-19
13205,0,BRED,2018-07-19
13206,0,BRED,2018-07-20
13207,0,BRED,2018-07-20
13208,0,BRED,2018-07-20
13209,0,BRED,2018-07-20
13210,0,BRED,2018-07-21
13214,0,BRED,2018-07-25
13215,0,BRED,2018-07-25
13216,0,BRED,2018-07-26
13218,0,BRED,2018-07-26
13219,0,BRED,2018-07-26
13220,0,BRED,2018-07-26
13221,0,BRED,2018-07-26
13222,0,BRED,2018-07-27
13223,0,BRED,2018-07-28
13224,0,BRED,2018-07-28
13226,0,BRED,2018-07-29
13227,0,BRED,2018-07-29
13228,0,BRED,2018-07-30
13229,0,BRED,2018-07-30
13230,0,BRED,2018-07-30
13231,0,BRED,2018-07-30
13233,0,BRED,2018-07-31
13234,0,BRED,2018-08-03
13235,0,BRED,2018-08-03
13236,0,BRED,2018-08-03
13237,0,BRED,2018-08-04
13239,0,BRED,2018-08-04
13241,0,BRED,2018-08-04
13242,0,BRED,2018-08-05
13243,0,BRED,2018-08-06
13245,0,BRED,2018-08-06
13246,0,BRED,2018-08-06
13247,0,BRED,2018-08-08
13249,0,BRED,2018-08-08
13250,0,BRED,2018-08-08
13251,0,BRED,2018-08-08
13252,0,BRED,2018-08-08
13253,0,BRED,2018-08-09
13254,0,BRED,2018-08-09
13255,0,BRED,2018-08-10
13256,0,BRED,2018-08-10
13257,0,BRED,2018-08-10
13258,0,BRED,2018-08-10
13259,0,BRED,2018-08-10
13260,0,BRED,2018-08-11
13261,0,BRED,2018-08-11
13262,0,BRED,2018-08-12
13263,0,BRED,2018-08-12
13264,0,BRED,2018-08-12
13265,0,BRED,2018-08-12
13266,0,BRED,2018-08-13
13268,0,BRED,2018-08-13
13269,0,BRED,2018-08-14
13270,0,BRED,2018-08-15
13271,0,BRED,2018-08-15
13272,0,BRED,2018-08-15
13273,0,BRED,2018-08-15
13274,0,BRED,2018-08-15
13275,0,BRED,2018-08-17
13276,0,BRED,2018-08-17
13277,0,BRED,2018-08-17
13278,0,BRED,2018-08-17
13279,0,BRED,2018-08-17
13280,0,BRED,2018-08-18
13281,0,BRED,2018-08-18
13282,0,BRED,2018-08-19
13283,0,BRED,2018-08-19
13285,0,BRED,2018-08-20
13286,0,BRED,2018-08-20
13287,0,BRED,2018-08-20
13288,0,BRED,2018-08-20
13290,0,BRED,2018-08-21
13292,0,BRED,2018-08-22
13293,0,BRED,2018-08-22
13294,0,BRED,2018-08-23
13295,0,BRED,2018-08-24
13299,0,BRED,2018-08-26
13300,0,BRED,2018-08-26
13301,0,BRED,2018-08-27
13302,0,BRED,2018-08-27
13304,0,BRED,2018-08-28
13305,0,BRED,2018-08-29
13307,0,BRED,2018-08-29
13309,0,BRED,2018-08-30
13311,0,BRED,2018-08-31
13312,0,BRED,2018-08-31
13313,0,BRED,2018-08-31
13315,0,BRED,2018-09-01
13316,0,BRED,2018-09-01
13317,0,BRED,2018-09-02
13318,0,BRED,2018-09-01
13319,0,BRED,2018-09-01
13320,0,BRED,2018-09-02
13322,0,BRED,2018-09-03
13324,0,BRED,2018-09-03
13325,0,BRED,2018-09-04
13326,0,BRED,2018-09-04
13327,0,BRED,2018-09-04
13329,0,BRED,2018-09-06
13330,0,BRED,2018-09-06
13331,0,BRED,2018-09-06
13332,0,BRED,2018-09-06
13333,0,BRED,2018-09-07
13334,0,BRED,2018-09-08
13335,0,BRED,2018-09-08
13336,0,BRED,2018-09-08
13337,0,BRED,2018-09-08
13338,0,BRED,2018-09-09
13339,0,BRED,2018-09-09
13340,0,BRED,2018-09-09
13342,0,BRED,2018-09-10
13343,0,BRED,2018-09-10
13344,0,BRED,2018-09-10
13345,0,BRED,2018-09-11
13346,0,BRED,2018-09-11
13347,0,BRED,2018-09-11
13348,0,BRED,2018-09-12
13349,0,BRED,2018-09-12
13350,0,BRED,2018-09-12
13351,0,BRED,2018-09-12
13352,0,BRED,2018-09-13
13354,0,BRED,2018-09-15
13355,0,BRED,2018-09-15
13357,0,BRED,2018-09-16
13358,0,BRED,2018-09-17
13359,0,BRED,2018-09-17
13360,0,BRED,2018-09-17
13361,0,BRED,2018-09-18
13362,0,BRED,2018-09-18
13363,0,BRED,2018-09-18
13364,0,BRED,2018-09-18
13365,0,BRED,2018-09-18
13366,0,BRED,2018-09-18
13367,0,BRED,2018-09-19
13370,0,BRED,2018-09-21
13371,0,BRED,2018-09-21
13372,0,BRED,2018-09-21
13373,0,BRED,2018-09-21
13374,0,BRED,2018-09-22
13375,0,BRED,2018-09-22
13376,0,BRED,2018-09-23
13377,0,BRED,2018-09-24
13378,0,BRED,2018-09-24
13379,0,BRED,2018-09-24
13380,0,BRED,2018-09-25
13381,0,BRED,2018-09-25
13382,0,BRED,2018-09-25
13383,0,BRED,2018-09-25
13384,0,BRED,2018-09-26
13385,0,BRED,2018-09-27
13386,0,BRED,2018-09-28
13388,0,BRED,2018-09-29
13389,0,BRED,2018-09-29
13390,0,BRED,2018-09-29
13391,0,BRED,2018-09-29
13392,0,BRED,2018-09-30
13393,0,BRED,2018-09-30
13394,0,BRED,2018-10-01
13395,0,BRED,2018-10-01
13396,0,BRED,2018-10-03
13397,0,BRED,2018-10-03
13398,0,BRED,2018-10-03
13399,0,BRED,2018-10-03
13400,0,BRED,2018-10-03
13401,0,BRED,2018-10-03
13402,0,BRED,2018-10-05
13404,0,BRED,2018-10-06
13405,0,BRED,2018-10-06
13406,0,BRED,2018-10-07
13407,0,BRED,2018-10-07
13408,0,BRED,2018-10-08
13409,0,BRED,2018-10-08
13411,0,BRED,2018-10-09
13412,0,BRED,2018-10-10
13413,0,BRED,2018-10-10
13414,0,BRED,2018-10-10
13415,0,BRED,2018-10-10
13416,0,BRED,2018-10-11
13417,0,BRED,2018-10-11
13418,0,BRED,2018-10-12
13419,0,BRED,2018-10-12
13420,0,BRED,2018-10-13
13421,0,BRED,2018-10-13
13422,0,BRED,2018-10-13
13423,0,BRED,2018-10-13
13424,0,BRED,2018-10-13
13425,0,BRED,2018-10-14
13426,0,BRED,2018-10-14
13427,0,BRED,2018-10-15
13428,0,BRED,2018-10-15
13429,0,BRED,2018-10-15
13430,0,BRED,2018-10-15
13431,0,BRED,2018-10-15
13432,0,BRED,2018-10-15
13433,0,BRED,2018-10-16
13434,0,BRED,2018-10-16
13437,0,BRED,2018-10-17
13438,0,BRED,2018-10-17
13439,0,BRED,2018-10-17
13440,0,BRED,2018-10-18
13441,0,BRED,2018-10-19
13442,0,BRED,2018-10-19
13443,0,BRED,2018-10-21
13444,0,BRED,2018-10-22
13445,0,BRED,2018-10-23
13446,0,BRED,2018-10-24
13447,0,BRED,2018-10-24
13448,0,BRED,2018-10-25
13449,0,BRED,2018-10-25
13450,0,BRED,2018-10-25
13451,0,BRED,2018-10-25
13452,0,BRED,2018-10-26
13454,0,BRED,2018-10-28
13455,0,BRED,2018-10-28
13456,0,BRED,2018-10-28
13458,0,BRED,2018-10-30
13459,0,BRED,2018-10-31
13460,0,BRED,2018-10-31
13461,0,BRED,2018-10-31
13462,0,BRED,2018-10-31
13463,0,BRED,2018-11-01
13464,0,BRED,2018-11-02
13466,0,BRED,2018-11-03
13467,0,BRED,2018-11-03
13468,0,BRED,2018-11-03
13470,0,BRED,2018-11-04
13471,0,BRED,2018-11-04
13472,0,BRED,2018-11-05
13473,0,BRED,2018-11-05
13477,0,BRED,2018-11-08
13478,0,BRED,2018-11-08
13479,0,BRED,2018-11-09
13483,0,BRED,2018-11-10
13484,0,BRED,2018-11-11
13485,0,BRED,2018-11-11
13488,0,BRED,2018-11-12
13489,0,BRED,2018-11-12
13490,0,BRED,2018-11-12
13492,0,BRED,2018-11-13
13493,0,BRED,2018-11-13
13494,0,BRED,2018-11-13
13495,0,BRED,2018-11-14
13496,0,BRED,2018-11-14
13498,0,BRED,2018-11-15
13499,0,BRED,2018-11-15
13502,0,BRED,2018-11-16
13505,0,BRED,2018-11-16
13507,0,BRED,2018-11-18
13508,0,BRED,2018-11-19
13509,0,BRED,2018-11-19
13510,0,BRED,2018-11-19
13512,0,BRED,2018-11-19
13514,0,BRED,2018-11-19
13516,0,BRED,2018-11-20
13517,0,BRED,2018-11-20
13518,0,BRED,2018-11-21
13522,0,BRED,2018-11-22
13523,0,BRED,2018-11-22
13526,0,BRED,2018-11-22
13528,0,BRED,2018-11-25
13536,0,BRED,2018-11-26
13537,0,BRED,2018-11-27
13560,0,BRED,2018-12-05
13561,0,BRED,2018-12-05
